id,owner_id,name,email,country_code,phone,favourites,blocked,trashed,is_subscribed,deleted_at,created_at,updated_at
1,1,Mohammad Prince,ahmedtanbir442@gmail.com,880,1825731327,0,0,0,0,NULL,03-03-21 10:09,03-03-21 11:15
1,1,Mohammad Prince,pondit.tanbir@gmail.com,880,1825731327,0,0,0,0,NULL,03-04-21 10:09,03-04-21 11:15
1,1,Mohammad Prince,mojahid@imjol.com,880,1825731327,0,0,0,0,NULL,03-05-21 10:09,03-05-21 11:15
1,1,Mohammad Prince,test@gmail.com,880,1825731327,0,0,0,0,NULL,03-06-21 10:09,03-06-21 11:15
1,1,Mohammad Prince,test@gmail.com,880,1825731327,0,0,0,0,NULL,03-07-21 10:09,03-07-21 11:15
1,1,Mohammad Prince,test@gmail.com,880,1825731327,0,0,0,0,NULL,03-08-21 10:09,03-08-21 11:15
1,1,Mohammad Prince,test@gmail.com,880,1825731327,0,0,0,0,NULL,03-09-21 10:09,03-09-21 11:15
1,1,Mohammad Prince,test@gmail.com,880,1825731327,0,0,0,0,NULL,03-10-21 10:09,03-10-21 11:15
1,1,Mohammad Prince,test@gmail.com,880,1825731327,0,0,0,0,NULL,03-11-21 10:09,03-11-21 11:15
1,1,Mohammad Prince,test@gmail.com,880,1825731327,0,0,0,0,NULL,03-12-21 10:09,03-12-21 11:15
1,1,Mohammad Prince,test@gmail.com,880,1825731327,0,0,0,0,NULL,03-13-21 10:09,03-13-21 11:15
1,1,Mohammad Prince,test@gmail.com,880,1825731327,0,0,0,0,NULL,03-14-21 10:09,03-14-21 11:15
1,1,Mohammad Prince,test@gmail.com,880,1825731327,0,0,0,0,NULL,03-15-21 10:09,03-15-21 11:15
1,1,Mohammad Prince,test@gmail.com,880,1825731327,0,0,0,0,NULL,03-16-21 10:09,03-16-21 11:15
1,1,Mohammad Prince,test@gmail.com,880,1825731327,0,0,0,0,NULL,03-17-21 10:09,03-17-21 11:15
1,1,Mohammad Prince,test@gmail.com,880,1825731327,0,0,0,0,NULL,03-18-21 10:09,03-18-21 11:15
1,1,Mohammad Prince,test@gmail.com,880,1825731327,0,0,0,0,NULL,03-19-21 10:09,03-19-21 11:15
1,1,Mohammad Prince,test@gmail.com,880,1825731327,0,0,0,0,NULL,03-20-21 10:09,03-20-21 11:15
1,1,Mohammad Prince,test@gmail.com,880,1825731327,0,0,0,0,NULL,03-21-21 10:09,03-21-21 11:15
1,1,Mohammad Prince,test@gmail.com,880,1825731327,0,0,0,0,NULL,03-22-21 10:09,03-22-21 11:15
1,1,Mohammad Prince,test@gmail.com,880,1825731327,0,0,0,0,NULL,03-23-21 10:09,03-23-21 11:15
1,1,Mohammad Prince,test@gmail.com,880,1825731327,0,0,0,0,NULL,03-24-21 10:09,03-24-21 11:15
1,1,Mohammad Prince,test@gmail.com,880,1825731327,0,0,0,0,NULL,03-25-21 10:09,03-25-21 11:15
1,1,Mohammad Prince,test@gmail.com,880,1825731327,0,0,0,0,NULL,03-26-21 10:09,03-26-21 11:15
1,1,Mohammad Prince,test@gmail.com,880,1825731327,0,0,0,0,NULL,03-27-21 10:09,03-27-21 11:15
1,1,Mohammad Prince,test@gmail.com,880,1825731327,0,0,0,0,NULL,03-28-21 10:09,03-28-21 11:15
1,1,Mohammad Prince,test@gmail.com,880,1825731327,0,0,0,0,NULL,03-29-21 10:09,03-29-21 11:15
1,1,Mohammad Prince,test@gmail.com,880,1825731327,0,0,0,0,NULL,03-30-21 10:09,03-30-21 11:15
1,1,Mohammad Prince,test@gmail.com,880,1825731327,0,0,0,0,NULL,03-31-21 10:09,03-31-21 11:15
1,1,Mohammad Prince,test@gmail.com,880,1825731327,0,0,0,0,NULL,04-01-21 10:09,04-01-21 11:15
1,1,Mohammad Prince,test@gmail.com,880,1825731327,0,0,0,0,NULL,04-02-21 10:09,04-02-21 11:15
1,1,Mohammad Prince,test@gmail.com,880,1825731327,0,0,0,0,NULL,04-03-21 10:09,04-03-21 11:15
1,1,Mohammad Prince,test@gmail.com,880,1825731327,0,0,0,0,NULL,04-04-21 10:09,04-04-21 11:15
1,1,Mohammad Prince,test@gmail.com,880,1825731327,0,0,0,0,NULL,04-05-21 10:09,04-05-21 11:15
1,1,Mohammad Prince,test@gmail.com,880,1825731327,0,0,0,0,NULL,04-06-21 10:09,04-06-21 11:15
1,1,Mohammad Prince,test@gmail.com,880,1825731327,0,0,0,0,NULL,04-07-21 10:09,04-07-21 11:15
1,1,Mohammad Prince,test@gmail.com,880,1825731327,0,0,0,0,NULL,04-08-21 10:09,04-08-21 11:15
1,1,Mohammad Prince,test@gmail.com,880,1825731327,0,0,0,0,NULL,04-09-21 10:09,04-09-21 11:15
1,1,Mohammad Prince,test@gmail.com,880,1825731327,0,0,0,0,NULL,04-10-21 10:09,04-10-21 11:15
1,1,Mohammad Prince,test@gmail.com,880,1825731327,0,0,0,0,NULL,04-11-21 10:09,04-11-21 11:15
1,1,Mohammad Prince,test@gmail.com,880,1825731327,0,0,0,0,NULL,04-12-21 10:09,04-12-21 11:15
1,1,Mohammad Prince,test@gmail.com,880,1825731327,0,0,0,0,NULL,04-13-21 10:09,04-13-21 11:15
1,1,Mohammad Prince,test@gmail.com,880,1825731327,0,0,0,0,NULL,04-14-21 10:09,04-14-21 11:15
1,1,Mohammad Prince,test@gmail.com,880,1825731327,0,0,0,0,NULL,04-15-21 10:09,04-15-21 11:15
1,1,Mohammad Prince,test@gmail.com,880,1825731327,0,0,0,0,NULL,04-16-21 10:09,04-16-21 11:15
1,1,Mohammad Prince,test@gmail.com,880,1825731327,0,0,0,0,NULL,04-17-21 10:09,04-17-21 11:15
1,1,Mohammad Prince,test@gmail.com,880,1825731327,0,0,0,0,NULL,04-18-21 10:09,04-18-21 11:15
1,1,Mohammad Prince,test@gmail.com,880,1825731327,0,0,0,0,NULL,04-19-21 10:09,04-19-21 11:15
1,1,Mohammad Prince,test@gmail.com,880,1825731327,0,0,0,0,NULL,04-20-21 10:09,04-20-21 11:15
1,1,Mohammad Prince,test@gmail.com,880,1825731327,0,0,0,0,NULL,04-21-21 10:09,04-21-21 11:15
1,1,Mohammad Prince,test@gmail.com,880,1825731327,0,0,0,0,NULL,04-22-21 10:09,04-22-21 11:15
1,1,Mohammad Prince,test@gmail.com,880,1825731327,0,0,0,0,NULL,04-23-21 10:09,04-23-21 11:15
1,1,Mohammad Prince,test@gmail.com,880,1825731327,0,0,0,0,NULL,04-24-21 10:09,04-24-21 11:15
1,1,Mohammad Prince,test@gmail.com,880,1825731327,0,0,0,0,NULL,04-25-21 10:09,04-25-21 11:15
1,1,Mohammad Prince,test@gmail.com,880,1825731327,0,0,0,0,NULL,04-26-21 10:09,04-26-21 11:15
1,1,Mohammad Prince,test@gmail.com,880,1825731327,0,0,0,0,NULL,04-27-21 10:09,04-27-21 11:15
1,1,Mohammad Prince,test@gmail.com,880,1825731327,0,0,0,0,NULL,04-28-21 10:09,04-28-21 11:15
1,1,Mohammad Prince,test@gmail.com,880,1825731327,0,0,0,0,NULL,04-29-21 10:09,04-29-21 11:15
1,1,Mohammad Prince,test@gmail.com,880,1825731327,0,0,0,0,NULL,04-30-21 10:09,04-30-21 11:15
1,1,Mohammad Prince,test@gmail.com,880,1825731327,0,0,0,0,NULL,05-01-21 10:09,05-01-21 11:15
1,1,Mohammad Prince,test@gmail.com,880,1825731327,0,0,0,0,NULL,05-02-21 10:09,05-02-21 11:15
1,1,Mohammad Prince,test@gmail.com,880,1825731327,0,0,0,0,NULL,05-03-21 10:09,05-03-21 11:15
1,1,Mohammad Prince,test@gmail.com,880,1825731327,0,0,0,0,NULL,05-04-21 10:09,05-04-21 11:15
1,1,Mohammad Prince,test@gmail.com,880,1825731327,0,0,0,0,NULL,05-05-21 10:09,05-05-21 11:15
1,1,Mohammad Prince,test@gmail.com,880,1825731327,0,0,0,0,NULL,05-06-21 10:09,05-06-21 11:15
1,1,Mohammad Prince,test@gmail.com,880,1825731327,0,0,0,0,NULL,05-07-21 10:09,05-07-21 11:15
1,1,Mohammad Prince,test@gmail.com,880,1825731327,0,0,0,0,NULL,05-08-21 10:09,05-08-21 11:15
1,1,Mohammad Prince,test@gmail.com,880,1825731327,0,0,0,0,NULL,05-09-21 10:09,05-09-21 11:15
1,1,Mohammad Prince,test@gmail.com,880,1825731327,0,0,0,0,NULL,05-10-21 10:09,05-10-21 11:15
1,1,Mohammad Prince,test@gmail.com,880,1825731327,0,0,0,0,NULL,05-11-21 10:09,05-11-21 11:15
1,1,Mohammad Prince,test@gmail.com,880,1825731327,0,0,0,0,NULL,05-12-21 10:09,05-12-21 11:15
1,1,Mohammad Prince,test@gmail.com,880,1825731327,0,0,0,0,NULL,05-13-21 10:09,05-13-21 11:15
1,1,Mohammad Prince,test@gmail.com,880,1825731327,0,0,0,0,NULL,05-14-21 10:09,05-14-21 11:15
1,1,Mohammad Prince,test@gmail.com,880,1825731327,0,0,0,0,NULL,05-15-21 10:09,05-15-21 11:15
1,1,Mohammad Prince,test@gmail.com,880,1825731327,0,0,0,0,NULL,05-16-21 10:09,05-16-21 11:15
1,1,Mohammad Prince,test@gmail.com,880,1825731327,0,0,0,0,NULL,05-17-21 10:09,05-17-21 11:15
1,1,Mohammad Prince,test@gmail.com,880,1825731327,0,0,0,0,NULL,05-18-21 10:09,05-18-21 11:15
1,1,Mohammad Prince,test@gmail.com,880,1825731327,0,0,0,0,NULL,05-19-21 10:09,05-19-21 11:15
1,1,Mohammad Prince,test@gmail.com,880,1825731327,0,0,0,0,NULL,05-20-21 10:09,05-20-21 11:15
1,1,Mohammad Prince,test@gmail.com,880,1825731327,0,0,0,0,NULL,05-21-21 10:09,05-21-21 11:15
1,1,Mohammad Prince,test@gmail.com,880,1825731327,0,0,0,0,NULL,05-22-21 10:09,05-22-21 11:15
1,1,Mohammad Prince,test@gmail.com,880,1825731327,0,0,0,0,NULL,05-23-21 10:09,05-23-21 11:15
1,1,Mohammad Prince,test@gmail.com,880,1825731327,0,0,0,0,NULL,05-24-21 10:09,05-24-21 11:15
1,1,Mohammad Prince,test@gmail.com,880,1825731327,0,0,0,0,NULL,05-25-21 10:09,05-25-21 11:15
1,1,Mohammad Prince,test@gmail.com,880,1825731327,0,0,0,0,NULL,05-26-21 10:09,05-26-21 11:15
1,1,Mohammad Prince,test@gmail.com,880,1825731327,0,0,0,0,NULL,05-27-21 10:09,05-27-21 11:15
1,1,Mohammad Prince,test@gmail.com,880,1825731327,0,0,0,0,NULL,05-28-21 10:09,05-28-21 11:15
1,1,Mohammad Prince,test@gmail.com,880,1825731327,0,0,0,0,NULL,05-29-21 10:09,05-29-21 11:15
1,1,Mohammad Prince,test@gmail.com,880,1825731327,0,0,0,0,NULL,05-30-21 10:09,05-30-21 11:15
1,1,Mohammad Prince,test@gmail.com,880,1825731327,0,0,0,0,NULL,05-31-21 10:09,05-31-21 11:15
1,1,Mohammad Prince,test@gmail.com,880,1825731327,0,0,0,0,NULL,06-01-21 10:09,06-01-21 11:15
1,1,Mohammad Prince,test@gmail.com,880,1825731327,0,0,0,0,NULL,06-02-21 10:09,06-02-21 11:15
1,1,Mohammad Prince,test@gmail.com,880,1825731327,0,0,0,0,NULL,06-03-21 10:09,06-03-21 11:15
1,1,Mohammad Prince,test@gmail.com,880,1825731327,0,0,0,0,NULL,06-04-21 10:09,06-04-21 11:15
1,1,Mohammad Prince,test@gmail.com,880,1825731327,0,0,0,0,NULL,06-05-21 10:09,06-05-21 11:15
1,1,Mohammad Prince,test@gmail.com,880,1825731327,0,0,0,0,NULL,06-06-21 10:09,06-06-21 11:15
1,1,Mohammad Prince,test@gmail.com,880,1825731327,0,0,0,0,NULL,06-07-21 10:09,06-07-21 11:15
1,1,Mohammad Prince,test@gmail.com,880,1825731327,0,0,0,0,NULL,06-08-21 10:09,06-08-21 11:15
1,1,Mohammad Prince,test@gmail.com,880,1825731327,0,0,0,0,NULL,06-09-21 10:09,06-09-21 11:15
1,1,Mohammad Prince,test@gmail.com,880,1825731327,0,0,0,0,NULL,06-10-21 10:09,06-10-21 11:15
1,1,Mohammad Prince,test@gmail.com,880,1825731327,0,0,0,0,NULL,06-11-21 10:09,06-11-21 11:15
1,1,Mohammad Prince,test@gmail.com,880,1825731327,0,0,0,0,NULL,06-12-21 10:09,06-12-21 11:15
1,1,Mohammad Prince,test@gmail.com,880,1825731327,0,0,0,0,NULL,06-13-21 10:09,06-13-21 11:15
1,1,Mohammad Prince,test@gmail.com,880,1825731327,0,0,0,0,NULL,06-14-21 10:09,06-14-21 11:15
1,1,Mohammad Prince,test@gmail.com,880,1825731327,0,0,0,0,NULL,06-15-21 10:09,06-15-21 11:15
1,1,Mohammad Prince,test@gmail.com,880,1825731327,0,0,0,0,NULL,06-16-21 10:09,06-16-21 11:15
1,1,Mohammad Prince,test@gmail.com,880,1825731327,0,0,0,0,NULL,06-17-21 10:09,06-17-21 11:15
1,1,Mohammad Prince,test@gmail.com,880,1825731327,0,0,0,0,NULL,06-18-21 10:09,06-18-21 11:15
1,1,Mohammad Prince,test@gmail.com,880,1825731327,0,0,0,0,NULL,06-19-21 10:09,06-19-21 11:15
1,1,Mohammad Prince,test@gmail.com,880,1825731327,0,0,0,0,NULL,06-20-21 10:09,06-20-21 11:15
1,1,Mohammad Prince,test@gmail.com,880,1825731327,0,0,0,0,NULL,06-21-21 10:09,06-21-21 11:15
1,1,Mohammad Prince,test@gmail.com,880,1825731327,0,0,0,0,NULL,06-22-21 10:09,06-22-21 11:15
1,1,Mohammad Prince,test@gmail.com,880,1825731327,0,0,0,0,NULL,06-23-21 10:09,06-23-21 11:15
1,1,Mohammad Prince,test@gmail.com,880,1825731327,0,0,0,0,NULL,06-24-21 10:09,06-24-21 11:15
1,1,Mohammad Prince,test@gmail.com,880,1825731327,0,0,0,0,NULL,06-25-21 10:09,06-25-21 11:15
1,1,Mohammad Prince,test@gmail.com,880,1825731327,0,0,0,0,NULL,06-26-21 10:09,06-26-21 11:15
1,1,Mohammad Prince,test@gmail.com,880,1825731327,0,0,0,0,NULL,06-27-21 10:09,06-27-21 11:15
1,1,Mohammad Prince,test@gmail.com,880,1825731327,0,0,0,0,NULL,06-28-21 10:09,06-28-21 11:15
1,1,Mohammad Prince,test@gmail.com,880,1825731327,0,0,0,0,NULL,06-29-21 10:09,06-29-21 11:15
1,1,Mohammad Prince,test@gmail.com,880,1825731327,0,0,0,0,NULL,06-30-21 10:09,06-30-21 11:15
1,1,Mohammad Prince,test@gmail.com,880,1825731327,0,0,0,0,NULL,07-01-21 10:09,07-01-21 11:15
1,1,Mohammad Prince,test@gmail.com,880,1825731327,0,0,0,0,NULL,07-02-21 10:09,07-02-21 11:15
1,1,Mohammad Prince,test@gmail.com,880,1825731327,0,0,0,0,NULL,07-03-21 10:09,07-03-21 11:15
1,1,Mohammad Prince,test@gmail.com,880,1825731327,0,0,0,0,NULL,07-04-21 10:09,07-04-21 11:15
1,1,Mohammad Prince,test@gmail.com,880,1825731327,0,0,0,0,NULL,07-05-21 10:09,07-05-21 11:15
1,1,Mohammad Prince,test@gmail.com,880,1825731327,0,0,0,0,NULL,07-06-21 10:09,07-06-21 11:15
1,1,Mohammad Prince,test@gmail.com,880,1825731327,0,0,0,0,NULL,07-07-21 10:09,07-07-21 11:15
1,1,Mohammad Prince,test@gmail.com,880,1825731327,0,0,0,0,NULL,07-08-21 10:09,07-08-21 11:15
1,1,Mohammad Prince,test@gmail.com,880,1825731327,0,0,0,0,NULL,07-09-21 10:09,07-09-21 11:15
1,1,Mohammad Prince,test@gmail.com,880,1825731327,0,0,0,0,NULL,07-10-21 10:09,07-10-21 11:15
1,1,Mohammad Prince,test@gmail.com,880,1825731327,0,0,0,0,NULL,07-11-21 10:09,07-11-21 11:15
1,1,Mohammad Prince,test@gmail.com,880,1825731327,0,0,0,0,NULL,07-12-21 10:09,07-12-21 11:15
1,1,Mohammad Prince,test@gmail.com,880,1825731327,0,0,0,0,NULL,07-13-21 10:09,07-13-21 11:15
1,1,Mohammad Prince,test@gmail.com,880,1825731327,0,0,0,0,NULL,07-14-21 10:09,07-14-21 11:15
1,1,Mohammad Prince,test@gmail.com,880,1825731327,0,0,0,0,NULL,07-15-21 10:09,07-15-21 11:15
1,1,Mohammad Prince,test@gmail.com,880,1825731327,0,0,0,0,NULL,07-16-21 10:09,07-16-21 11:15
1,1,Mohammad Prince,test@gmail.com,880,1825731327,0,0,0,0,NULL,07-17-21 10:09,07-17-21 11:15
1,1,Mohammad Prince,test@gmail.com,880,1825731327,0,0,0,0,NULL,07-18-21 10:09,07-18-21 11:15
1,1,Mohammad Prince,test@gmail.com,880,1825731327,0,0,0,0,NULL,07-19-21 10:09,07-19-21 11:15
1,1,Mohammad Prince,test@gmail.com,880,1825731327,0,0,0,0,NULL,07-20-21 10:09,07-20-21 11:15
1,1,Mohammad Prince,test@gmail.com,880,1825731327,0,0,0,0,NULL,07-21-21 10:09,07-21-21 11:15
1,1,Mohammad Prince,test@gmail.com,880,1825731327,0,0,0,0,NULL,07-22-21 10:09,07-22-21 11:15
1,1,Mohammad Prince,test@gmail.com,880,1825731327,0,0,0,0,NULL,07-23-21 10:09,07-23-21 11:15
1,1,Mohammad Prince,test@gmail.com,880,1825731327,0,0,0,0,NULL,07-24-21 10:09,07-24-21 11:15
1,1,Mohammad Prince,test@gmail.com,880,1825731327,0,0,0,0,NULL,07-25-21 10:09,07-25-21 11:15
1,1,Mohammad Prince,test@gmail.com,880,1825731327,0,0,0,0,NULL,07-26-21 10:09,07-26-21 11:15
1,1,Mohammad Prince,test@gmail.com,880,1825731327,0,0,0,0,NULL,07-27-21 10:09,07-27-21 11:15
1,1,Mohammad Prince,test@gmail.com,880,1825731327,0,0,0,0,NULL,07-28-21 10:09,07-28-21 11:15
1,1,Mohammad Prince,test@gmail.com,880,1825731327,0,0,0,0,NULL,07-29-21 10:09,07-29-21 11:15
1,1,Mohammad Prince,test@gmail.com,880,1825731327,0,0,0,0,NULL,07-30-21 10:09,07-30-21 11:15
1,1,Mohammad Prince,test@gmail.com,880,1825731327,0,0,0,0,NULL,07-31-21 10:09,07-31-21 11:15
1,1,Mohammad Prince,test@gmail.com,880,1825731327,0,0,0,0,NULL,08-01-21 10:09,08-01-21 11:15
1,1,Mohammad Prince,test@gmail.com,880,1825731327,0,0,0,0,NULL,08-02-21 10:09,08-02-21 11:15
1,1,Mohammad Prince,test@gmail.com,880,1825731327,0,0,0,0,NULL,08-03-21 10:09,08-03-21 11:15
1,1,Mohammad Prince,test@gmail.com,880,1825731327,0,0,0,0,NULL,08-04-21 10:09,08-04-21 11:15
1,1,Mohammad Prince,test@gmail.com,880,1825731327,0,0,0,0,NULL,08-05-21 10:09,08-05-21 11:15
1,1,Mohammad Prince,test@gmail.com,880,1825731327,0,0,0,0,NULL,08-06-21 10:09,08-06-21 11:15
1,1,Mohammad Prince,test@gmail.com,880,1825731327,0,0,0,0,NULL,08-07-21 10:09,08-07-21 11:15
1,1,Mohammad Prince,test@gmail.com,880,1825731327,0,0,0,0,NULL,08-08-21 10:09,08-08-21 11:15
1,1,Mohammad Prince,test@gmail.com,880,1825731327,0,0,0,0,NULL,08-09-21 10:09,08-09-21 11:15
1,1,Mohammad Prince,test@gmail.com,880,1825731327,0,0,0,0,NULL,08-10-21 10:09,08-10-21 11:15
1,1,Mohammad Prince,test@gmail.com,880,1825731327,0,0,0,0,NULL,08-11-21 10:09,08-11-21 11:15
1,1,Mohammad Prince,test@gmail.com,880,1825731327,0,0,0,0,NULL,08-12-21 10:09,08-12-21 11:15
1,1,Mohammad Prince,test@gmail.com,880,1825731327,0,0,0,0,NULL,08-13-21 10:09,08-13-21 11:15
1,1,Mohammad Prince,test@gmail.com,880,1825731327,0,0,0,0,NULL,08-14-21 10:09,08-14-21 11:15
1,1,Mohammad Prince,test@gmail.com,880,1825731327,0,0,0,0,NULL,08-15-21 10:09,08-15-21 11:15
1,1,Mohammad Prince,test@gmail.com,880,1825731327,0,0,0,0,NULL,08-16-21 10:09,08-16-21 11:15
1,1,Mohammad Prince,test@gmail.com,880,1825731327,0,0,0,0,NULL,08-17-21 10:09,08-17-21 11:15
1,1,Mohammad Prince,test@gmail.com,880,1825731327,0,0,0,0,NULL,08-18-21 10:09,08-18-21 11:15
1,1,Mohammad Prince,test@gmail.com,880,1825731327,0,0,0,0,NULL,08-19-21 10:09,08-19-21 11:15
1,1,Mohammad Prince,test@gmail.com,880,1825731327,0,0,0,0,NULL,08-20-21 10:09,08-20-21 11:15
1,1,Mohammad Prince,test@gmail.com,880,1825731327,0,0,0,0,NULL,08-21-21 10:09,08-21-21 11:15
1,1,Mohammad Prince,test@gmail.com,880,1825731327,0,0,0,0,NULL,08-22-21 10:09,08-22-21 11:15
1,1,Mohammad Prince,test@gmail.com,880,1825731327,0,0,0,0,NULL,08-23-21 10:09,08-23-21 11:15
1,1,Mohammad Prince,test@gmail.com,880,1825731327,0,0,0,0,NULL,08-24-21 10:09,08-24-21 11:15
1,1,Mohammad Prince,test@gmail.com,880,1825731327,0,0,0,0,NULL,08-25-21 10:09,08-25-21 11:15
1,1,Mohammad Prince,test@gmail.com,880,1825731327,0,0,0,0,NULL,08-26-21 10:09,08-26-21 11:15
1,1,Mohammad Prince,test@gmail.com,880,1825731327,0,0,0,0,NULL,08-27-21 10:09,08-27-21 11:15
1,1,Mohammad Prince,test@gmail.com,880,1825731327,0,0,0,0,NULL,08-28-21 10:09,08-28-21 11:15
1,1,Mohammad Prince,test@gmail.com,880,1825731327,0,0,0,0,NULL,08-29-21 10:09,08-29-21 11:15
1,1,Mohammad Prince,test@gmail.com,880,1825731327,0,0,0,0,NULL,08-30-21 10:09,08-30-21 11:15
1,1,Mohammad Prince,test@gmail.com,880,1825731327,0,0,0,0,NULL,08-31-21 10:09,08-31-21 11:15
1,1,Mohammad Prince,test@gmail.com,880,1825731327,0,0,0,0,NULL,09-01-21 10:09,09-01-21 11:15
1,1,Mohammad Prince,test@gmail.com,880,1825731327,0,0,0,0,NULL,09-02-21 10:09,09-02-21 11:15
1,1,Mohammad Prince,test@gmail.com,880,1825731327,0,0,0,0,NULL,09-03-21 10:09,09-03-21 11:15
1,1,Mohammad Prince,test@gmail.com,880,1825731327,0,0,0,0,NULL,09-04-21 10:09,09-04-21 11:15
1,1,Mohammad Prince,test@gmail.com,880,1825731327,0,0,0,0,NULL,09-05-21 10:09,09-05-21 11:15
1,1,Mohammad Prince,test@gmail.com,880,1825731327,0,0,0,0,NULL,09-06-21 10:09,09-06-21 11:15
1,1,Mohammad Prince,test@gmail.com,880,1825731327,0,0,0,0,NULL,09-07-21 10:09,09-07-21 11:15
1,1,Mohammad Prince,test@gmail.com,880,1825731327,0,0,0,0,NULL,09-08-21 10:09,09-08-21 11:15
1,1,Mohammad Prince,test@gmail.com,880,1825731327,0,0,0,0,NULL,09-09-21 10:09,09-09-21 11:15
1,1,Mohammad Prince,test@gmail.com,880,1825731327,0,0,0,0,NULL,09-10-21 10:09,09-10-21 11:15
1,1,Mohammad Prince,test@gmail.com,880,1825731327,0,0,0,0,NULL,09-11-21 10:09,09-11-21 11:15
1,1,Mohammad Prince,test@gmail.com,880,1825731327,0,0,0,0,NULL,09-12-21 10:09,09-12-21 11:15
1,1,Mohammad Prince,test@gmail.com,880,1825731327,0,0,0,0,NULL,09-13-21 10:09,09-13-21 11:15
1,1,Mohammad Prince,test@gmail.com,880,1825731327,0,0,0,0,NULL,09-14-21 10:09,09-14-21 11:15
1,1,Mohammad Prince,test@gmail.com,880,1825731327,0,0,0,0,NULL,09-15-21 10:09,09-15-21 11:15
1,1,Mohammad Prince,test@gmail.com,880,1825731327,0,0,0,0,NULL,09-16-21 10:09,09-16-21 11:15
1,1,Mohammad Prince,test@gmail.com,880,1825731327,0,0,0,0,NULL,09-17-21 10:09,09-17-21 11:15
1,1,Mohammad Prince,test@gmail.com,880,1825731327,0,0,0,0,NULL,09-18-21 10:09,09-18-21 11:15
1,1,Mohammad Prince,test@gmail.com,880,1825731327,0,0,0,0,NULL,09-19-21 10:09,09-19-21 11:15
1,1,Mohammad Prince,test@gmail.com,880,1825731327,0,0,0,0,NULL,09-20-21 10:09,09-20-21 11:15
1,1,Mohammad Prince,test@gmail.com,880,1825731327,0,0,0,0,NULL,09-21-21 10:09,09-21-21 11:15
1,1,Mohammad Prince,test@gmail.com,880,1825731327,0,0,0,0,NULL,09-22-21 10:09,09-22-21 11:15
1,1,Mohammad Prince,test@gmail.com,880,1825731327,0,0,0,0,NULL,09-23-21 10:09,09-23-21 11:15
1,1,Mohammad Prince,test@gmail.com,880,1825731327,0,0,0,0,NULL,09-24-21 10:09,09-24-21 11:15
1,1,Mohammad Prince,test@gmail.com,880,1825731327,0,0,0,0,NULL,09-25-21 10:09,09-25-21 11:15
1,1,Mohammad Prince,test@gmail.com,880,1825731327,0,0,0,0,NULL,09-26-21 10:09,09-26-21 11:15
1,1,Mohammad Prince,test@gmail.com,880,1825731327,0,0,0,0,NULL,09-27-21 10:09,09-27-21 11:15
1,1,Mohammad Prince,test@gmail.com,880,1825731327,0,0,0,0,NULL,09-28-21 10:09,09-28-21 11:15
1,1,Mohammad Prince,test@gmail.com,880,1825731327,0,0,0,0,NULL,09-29-21 10:09,09-29-21 11:15
1,1,Mohammad Prince,test@gmail.com,880,1825731327,0,0,0,0,NULL,09-30-21 10:09,09-30-21 11:15
1,1,Mohammad Prince,test@gmail.com,880,1825731327,0,0,0,0,NULL,10-01-21 10:09,10-01-21 11:15
1,1,Mohammad Prince,test@gmail.com,880,1825731327,0,0,0,0,NULL,10-02-21 10:09,10-02-21 11:15
1,1,Mohammad Prince,test@gmail.com,880,1825731327,0,0,0,0,NULL,10-03-21 10:09,10-03-21 11:15
1,1,Mohammad Prince,test@gmail.com,880,1825731327,0,0,0,0,NULL,10-04-21 10:09,10-04-21 11:15
1,1,Mohammad Prince,test@gmail.com,880,1825731327,0,0,0,0,NULL,10-05-21 10:09,10-05-21 11:15
1,1,Mohammad Prince,test@gmail.com,880,1825731327,0,0,0,0,NULL,10-06-21 10:09,10-06-21 11:15
1,1,Mohammad Prince,test@gmail.com,880,1825731327,0,0,0,0,NULL,10-07-21 10:09,10-07-21 11:15
1,1,Mohammad Prince,test@gmail.com,880,1825731327,0,0,0,0,NULL,10-08-21 10:09,10-08-21 11:15
1,1,Mohammad Prince,test@gmail.com,880,1825731327,0,0,0,0,NULL,10-09-21 10:09,10-09-21 11:15
1,1,Mohammad Prince,test@gmail.com,880,1825731327,0,0,0,0,NULL,10-10-21 10:09,10-10-21 11:15
1,1,Mohammad Prince,test@gmail.com,880,1825731327,0,0,0,0,NULL,10-11-21 10:09,10-11-21 11:15
1,1,Mohammad Prince,test@gmail.com,880,1825731327,0,0,0,0,NULL,10-12-21 10:09,10-12-21 11:15
1,1,Mohammad Prince,test@gmail.com,880,1825731327,0,0,0,0,NULL,10-13-21 10:09,10-13-21 11:15
1,1,Mohammad Prince,test@gmail.com,880,1825731327,0,0,0,0,NULL,10-14-21 10:09,10-14-21 11:15
1,1,Mohammad Prince,test@gmail.com,880,1825731327,0,0,0,0,NULL,10-15-21 10:09,10-15-21 11:15
1,1,Mohammad Prince,test@gmail.com,880,1825731327,0,0,0,0,NULL,10-16-21 10:09,10-16-21 11:15
1,1,Mohammad Prince,test@gmail.com,880,1825731327,0,0,0,0,NULL,10-17-21 10:09,10-17-21 11:15
1,1,Mohammad Prince,test@gmail.com,880,1825731327,0,0,0,0,NULL,10-18-21 10:09,10-18-21 11:15
1,1,Mohammad Prince,test@gmail.com,880,1825731327,0,0,0,0,NULL,10-19-21 10:09,10-19-21 11:15
1,1,Mohammad Prince,test@gmail.com,880,1825731327,0,0,0,0,NULL,10-20-21 10:09,10-20-21 11:15
1,1,Mohammad Prince,test@gmail.com,880,1825731327,0,0,0,0,NULL,10-21-21 10:09,10-21-21 11:15
1,1,Mohammad Prince,test@gmail.com,880,1825731327,0,0,0,0,NULL,10-22-21 10:09,10-22-21 11:15
1,1,Mohammad Prince,test@gmail.com,880,1825731327,0,0,0,0,NULL,10-23-21 10:09,10-23-21 11:15
1,1,Mohammad Prince,test@gmail.com,880,1825731327,0,0,0,0,NULL,10-24-21 10:09,10-24-21 11:15
1,1,Mohammad Prince,test@gmail.com,880,1825731327,0,0,0,0,NULL,10-25-21 10:09,10-25-21 11:15
1,1,Mohammad Prince,test@gmail.com,880,1825731327,0,0,0,0,NULL,10-26-21 10:09,10-26-21 11:15
1,1,Mohammad Prince,test@gmail.com,880,1825731327,0,0,0,0,NULL,10-27-21 10:09,10-27-21 11:15
1,1,Mohammad Prince,test@gmail.com,880,1825731327,0,0,0,0,NULL,10-28-21 10:09,10-28-21 11:15
1,1,Mohammad Prince,test@gmail.com,880,1825731327,0,0,0,0,NULL,10-29-21 10:09,10-29-21 11:15
1,1,Mohammad Prince,test@gmail.com,880,1825731327,0,0,0,0,NULL,10-30-21 10:09,10-30-21 11:15
1,1,Mohammad Prince,test@gmail.com,880,1825731327,0,0,0,0,NULL,10-31-21 10:09,10-31-21 11:15
1,1,Mohammad Prince,test@gmail.com,880,1825731327,0,0,0,0,NULL,11-01-21 10:09,11-01-21 11:15
1,1,Mohammad Prince,test@gmail.com,880,1825731327,0,0,0,0,NULL,11-02-21 10:09,11-02-21 11:15
1,1,Mohammad Prince,test@gmail.com,880,1825731327,0,0,0,0,NULL,11-03-21 10:09,11-03-21 11:15
1,1,Mohammad Prince,test@gmail.com,880,1825731327,0,0,0,0,NULL,11-04-21 10:09,11-04-21 11:15
1,1,Mohammad Prince,test@gmail.com,880,1825731327,0,0,0,0,NULL,11-05-21 10:09,11-05-21 11:15
1,1,Mohammad Prince,test@gmail.com,880,1825731327,0,0,0,0,NULL,11-06-21 10:09,11-06-21 11:15
1,1,Mohammad Prince,test@gmail.com,880,1825731327,0,0,0,0,NULL,11-07-21 10:09,11-07-21 11:15
1,1,Mohammad Prince,test@gmail.com,880,1825731327,0,0,0,0,NULL,11-08-21 10:09,11-08-21 11:15
1,1,Mohammad Prince,test@gmail.com,880,1825731327,0,0,0,0,NULL,11-09-21 10:09,11-09-21 11:15
1,1,Mohammad Prince,test@gmail.com,880,1825731327,0,0,0,0,NULL,11-10-21 10:09,11-10-21 11:15
1,1,Mohammad Prince,test@gmail.com,880,1825731327,0,0,0,0,NULL,11-11-21 10:09,11-11-21 11:15
1,1,Mohammad Prince,test@gmail.com,880,1825731327,0,0,0,0,NULL,11-12-21 10:09,11-12-21 11:15
1,1,Mohammad Prince,test@gmail.com,880,1825731327,0,0,0,0,NULL,11-13-21 10:09,11-13-21 11:15
1,1,Mohammad Prince,test@gmail.com,880,1825731327,0,0,0,0,NULL,11-14-21 10:09,11-14-21 11:15
1,1,Mohammad Prince,test@gmail.com,880,1825731327,0,0,0,0,NULL,11-15-21 10:09,11-15-21 11:15
1,1,Mohammad Prince,test@gmail.com,880,1825731327,0,0,0,0,NULL,11-16-21 10:09,11-16-21 11:15
1,1,Mohammad Prince,test@gmail.com,880,1825731327,0,0,0,0,NULL,11-17-21 10:09,11-17-21 11:15
1,1,Mohammad Prince,test@gmail.com,880,1825731327,0,0,0,0,NULL,11-18-21 10:09,11-18-21 11:15
1,1,Mohammad Prince,test@gmail.com,880,1825731327,0,0,0,0,NULL,11-19-21 10:09,11-19-21 11:15
1,1,Mohammad Prince,test@gmail.com,880,1825731327,0,0,0,0,NULL,11-20-21 10:09,11-20-21 11:15
1,1,Mohammad Prince,test@gmail.com,880,1825731327,0,0,0,0,NULL,11-21-21 10:09,11-21-21 11:15
1,1,Mohammad Prince,test@gmail.com,880,1825731327,0,0,0,0,NULL,11-22-21 10:09,11-22-21 11:15
1,1,Mohammad Prince,test@gmail.com,880,1825731327,0,0,0,0,NULL,11-23-21 10:09,11-23-21 11:15
1,1,Mohammad Prince,test@gmail.com,880,1825731327,0,0,0,0,NULL,11-24-21 10:09,11-24-21 11:15
1,1,Mohammad Prince,test@gmail.com,880,1825731327,0,0,0,0,NULL,11-25-21 10:09,11-25-21 11:15
1,1,Mohammad Prince,test@gmail.com,880,1825731327,0,0,0,0,NULL,11-26-21 10:09,11-26-21 11:15
1,1,Mohammad Prince,test@gmail.com,880,1825731327,0,0,0,0,NULL,11-27-21 10:09,11-27-21 11:15
1,1,Mohammad Prince,test@gmail.com,880,1825731327,0,0,0,0,NULL,11-28-21 10:09,11-28-21 11:15
1,1,Mohammad Prince,test@gmail.com,880,1825731327,0,0,0,0,NULL,11-29-21 10:09,11-29-21 11:15
1,1,Mohammad Prince,test@gmail.com,880,1825731327,0,0,0,0,NULL,11-30-21 10:09,11-30-21 11:15
1,1,Mohammad Prince,test@gmail.com,880,1825731327,0,0,0,0,NULL,12-01-21 10:09,12-01-21 11:15
1,1,Mohammad Prince,test@gmail.com,880,1825731327,0,0,0,0,NULL,12-02-21 10:09,12-02-21 11:15
1,1,Mohammad Prince,test@gmail.com,880,1825731327,0,0,0,0,NULL,12-03-21 10:09,12-03-21 11:15
1,1,Mohammad Prince,test@gmail.com,880,1825731327,0,0,0,0,NULL,12-04-21 10:09,12-04-21 11:15
1,1,Mohammad Prince,test@gmail.com,880,1825731327,0,0,0,0,NULL,12-05-21 10:09,12-05-21 11:15
1,1,Mohammad Prince,test@gmail.com,880,1825731327,0,0,0,0,NULL,12-06-21 10:09,12-06-21 11:15
1,1,Mohammad Prince,test@gmail.com,880,1825731327,0,0,0,0,NULL,12-07-21 10:09,12-07-21 11:15
1,1,Mohammad Prince,test@gmail.com,880,1825731327,0,0,0,0,NULL,12-08-21 10:09,12-08-21 11:15
1,1,Mohammad Prince,test@gmail.com,880,1825731327,0,0,0,0,NULL,12-09-21 10:09,12-09-21 11:15
1,1,Mohammad Prince,test@gmail.com,880,1825731327,0,0,0,0,NULL,12-10-21 10:09,12-10-21 11:15
1,1,Mohammad Prince,test@gmail.com,880,1825731327,0,0,0,0,NULL,12-11-21 10:09,12-11-21 11:15
1,1,Mohammad Prince,test@gmail.com,880,1825731327,0,0,0,0,NULL,12-12-21 10:09,12-12-21 11:15
1,1,Mohammad Prince,test@gmail.com,880,1825731327,0,0,0,0,NULL,12-13-21 10:09,12-13-21 11:15
1,1,Mohammad Prince,test@gmail.com,880,1825731327,0,0,0,0,NULL,12-14-21 10:09,12-14-21 11:15
1,1,Mohammad Prince,test@gmail.com,880,1825731327,0,0,0,0,NULL,12-15-21 10:09,12-15-21 11:15
1,1,Mohammad Prince,test@gmail.com,880,1825731327,0,0,0,0,NULL,12-16-21 10:09,12-16-21 11:15
1,1,Mohammad Prince,test@gmail.com,880,1825731327,0,0,0,0,NULL,12-17-21 10:09,12-17-21 11:15
1,1,Mohammad Prince,test@gmail.com,880,1825731327,0,0,0,0,NULL,12-18-21 10:09,12-18-21 11:15
1,1,Mohammad Prince,test@gmail.com,880,1825731327,0,0,0,0,NULL,12-19-21 10:09,12-19-21 11:15
1,1,Mohammad Prince,test@gmail.com,880,1825731327,0,0,0,0,NULL,12-20-21 10:09,12-20-21 11:15
1,1,Mohammad Prince,test@gmail.com,880,1825731327,0,0,0,0,NULL,12-21-21 10:09,12-21-21 11:15
1,1,Mohammad Prince,test@gmail.com,880,1825731327,0,0,0,0,NULL,12-22-21 10:09,12-22-21 11:15
1,1,Mohammad Prince,test@gmail.com,880,1825731327,0,0,0,0,NULL,12-23-21 10:09,12-23-21 11:15
1,1,Mohammad Prince,test@gmail.com,880,1825731327,0,0,0,0,NULL,12-24-21 10:09,12-24-21 11:15
1,1,Mohammad Prince,test@gmail.com,880,1825731327,0,0,0,0,NULL,12-25-21 10:09,12-25-21 11:15
1,1,Mohammad Prince,test@gmail.com,880,1825731327,0,0,0,0,NULL,12-26-21 10:09,12-26-21 11:15
1,1,Mohammad Prince,test@gmail.com,880,1825731327,0,0,0,0,NULL,12-27-21 10:09,12-27-21 11:15
1,1,Mohammad Prince,test@gmail.com,880,1825731327,0,0,0,0,NULL,12-28-21 10:09,12-28-21 11:15
1,1,Mohammad Prince,test@gmail.com,880,1825731327,0,0,0,0,NULL,12-29-21 10:09,12-29-21 11:15
1,1,Mohammad Prince,test@gmail.com,880,1825731327,0,0,0,0,NULL,12-30-21 10:09,12-30-21 11:15
1,1,Mohammad Prince,test@gmail.com,880,1825731327,0,0,0,0,NULL,12-31-21 10:09,12-31-21 11:15
1,1,Mohammad Prince,test@gmail.com,880,1825731327,0,0,0,0,NULL,01-01-22 10:09,01-01-22 11:15
1,1,Mohammad Prince,test@gmail.com,880,1825731327,0,0,0,0,NULL,01-02-22 10:09,01-02-22 11:15
1,1,Mohammad Prince,test@gmail.com,880,1825731327,0,0,0,0,NULL,01-03-22 10:09,01-03-22 11:15
1,1,Mohammad Prince,test@gmail.com,880,1825731327,0,0,0,0,NULL,01-04-22 10:09,01-04-22 11:15
1,1,Mohammad Prince,test@gmail.com,880,1825731327,0,0,0,0,NULL,01-05-22 10:09,01-05-22 11:15
1,1,Mohammad Prince,test@gmail.com,880,1825731327,0,0,0,0,NULL,01-06-22 10:09,01-06-22 11:15
1,1,Mohammad Prince,test@gmail.com,880,1825731327,0,0,0,0,NULL,01-07-22 10:09,01-07-22 11:15
1,1,Mohammad Prince,test@gmail.com,880,1825731327,0,0,0,0,NULL,01-08-22 10:09,01-08-22 11:15
1,1,Mohammad Prince,test@gmail.com,880,1825731327,0,0,0,0,NULL,01-09-22 10:09,01-09-22 11:15
1,1,Mohammad Prince,test@gmail.com,880,1825731327,0,0,0,0,NULL,01-10-22 10:09,01-10-22 11:15
1,1,Mohammad Prince,test@gmail.com,880,1825731327,0,0,0,0,NULL,01-11-22 10:09,01-11-22 11:15
1,1,Mohammad Prince,test@gmail.com,880,1825731327,0,0,0,0,NULL,01-12-22 10:09,01-12-22 11:15
1,1,Mohammad Prince,test@gmail.com,880,1825731327,0,0,0,0,NULL,01-13-22 10:09,01-13-22 11:15
1,1,Mohammad Prince,test@gmail.com,880,1825731327,0,0,0,0,NULL,01-14-22 10:09,01-14-22 11:15
1,1,Mohammad Prince,test@gmail.com,880,1825731327,0,0,0,0,NULL,01-15-22 10:09,01-15-22 11:15
1,1,Mohammad Prince,test@gmail.com,880,1825731327,0,0,0,0,NULL,01-16-22 10:09,01-16-22 11:15
1,1,Mohammad Prince,test@gmail.com,880,1825731327,0,0,0,0,NULL,01-17-22 10:09,01-17-22 11:15
1,1,Mohammad Prince,test@gmail.com,880,1825731327,0,0,0,0,NULL,01-18-22 10:09,01-18-22 11:15
1,1,Mohammad Prince,test@gmail.com,880,1825731327,0,0,0,0,NULL,01-19-22 10:09,01-19-22 11:15
1,1,Mohammad Prince,test@gmail.com,880,1825731327,0,0,0,0,NULL,01-20-22 10:09,01-20-22 11:15
1,1,Mohammad Prince,test@gmail.com,880,1825731327,0,0,0,0,NULL,01-21-22 10:09,01-21-22 11:15
1,1,Mohammad Prince,test@gmail.com,880,1825731327,0,0,0,0,NULL,01-22-22 10:09,01-22-22 11:15
1,1,Mohammad Prince,test@gmail.com,880,1825731327,0,0,0,0,NULL,01-23-22 10:09,01-23-22 11:15
1,1,Mohammad Prince,test@gmail.com,880,1825731327,0,0,0,0,NULL,01-24-22 10:09,01-24-22 11:15
1,1,Mohammad Prince,test@gmail.com,880,1825731327,0,0,0,0,NULL,01-25-22 10:09,01-25-22 11:15
1,1,Mohammad Prince,test@gmail.com,880,1825731327,0,0,0,0,NULL,01-26-22 10:09,01-26-22 11:15
1,1,Mohammad Prince,test@gmail.com,880,1825731327,0,0,0,0,NULL,01-27-22 10:09,01-27-22 11:15
1,1,Mohammad Prince,test@gmail.com,880,1825731327,0,0,0,0,NULL,01-28-22 10:09,01-28-22 11:15
1,1,Mohammad Prince,test@gmail.com,880,1825731327,0,0,0,0,NULL,01-29-22 10:09,01-29-22 11:15
1,1,Mohammad Prince,test@gmail.com,880,1825731327,0,0,0,0,NULL,01-30-22 10:09,01-30-22 11:15
1,1,Mohammad Prince,test@gmail.com,880,1825731327,0,0,0,0,NULL,01-31-22 10:09,01-31-22 11:15
1,1,Mohammad Prince,test@gmail.com,880,1825731327,0,0,0,0,NULL,02-01-22 10:09,02-01-22 11:15
1,1,Mohammad Prince,test@gmail.com,880,1825731327,0,0,0,0,NULL,02-02-22 10:09,02-02-22 11:15
1,1,Mohammad Prince,test@gmail.com,880,1825731327,0,0,0,0,NULL,02-03-22 10:09,02-03-22 11:15
1,1,Mohammad Prince,test@gmail.com,880,1825731327,0,0,0,0,NULL,02-04-22 10:09,02-04-22 11:15
1,1,Mohammad Prince,test@gmail.com,880,1825731327,0,0,0,0,NULL,02-05-22 10:09,02-05-22 11:15
1,1,Mohammad Prince,test@gmail.com,880,1825731327,0,0,0,0,NULL,02-06-22 10:09,02-06-22 11:15
1,1,Mohammad Prince,test@gmail.com,880,1825731327,0,0,0,0,NULL,02-07-22 10:09,02-07-22 11:15
1,1,Mohammad Prince,test@gmail.com,880,1825731327,0,0,0,0,NULL,02-08-22 10:09,02-08-22 11:15
1,1,Mohammad Prince,test@gmail.com,880,1825731327,0,0,0,0,NULL,02-09-22 10:09,02-09-22 11:15
1,1,Mohammad Prince,test@gmail.com,880,1825731327,0,0,0,0,NULL,02-10-22 10:09,02-10-22 11:15
1,1,Mohammad Prince,test@gmail.com,880,1825731327,0,0,0,0,NULL,02-11-22 10:09,02-11-22 11:15
1,1,Mohammad Prince,test@gmail.com,880,1825731327,0,0,0,0,NULL,02-12-22 10:09,02-12-22 11:15
1,1,Mohammad Prince,test@gmail.com,880,1825731327,0,0,0,0,NULL,02-13-22 10:09,02-13-22 11:15
1,1,Mohammad Prince,test@gmail.com,880,1825731327,0,0,0,0,NULL,02-14-22 10:09,02-14-22 11:15
1,1,Mohammad Prince,test@gmail.com,880,1825731327,0,0,0,0,NULL,02-15-22 10:09,02-15-22 11:15
1,1,Mohammad Prince,test@gmail.com,880,1825731327,0,0,0,0,NULL,02-16-22 10:09,02-16-22 11:15
1,1,Mohammad Prince,test@gmail.com,880,1825731327,0,0,0,0,NULL,02-17-22 10:09,02-17-22 11:15
1,1,Mohammad Prince,test@gmail.com,880,1825731327,0,0,0,0,NULL,02-18-22 10:09,02-18-22 11:15
1,1,Mohammad Prince,test@gmail.com,880,1825731327,0,0,0,0,NULL,02-19-22 10:09,02-19-22 11:15
1,1,Mohammad Prince,test@gmail.com,880,1825731327,0,0,0,0,NULL,02-20-22 10:09,02-20-22 11:15
1,1,Mohammad Prince,test@gmail.com,880,1825731327,0,0,0,0,NULL,02-21-22 10:09,02-21-22 11:15
1,1,Mohammad Prince,test@gmail.com,880,1825731327,0,0,0,0,NULL,02-22-22 10:09,02-22-22 11:15
1,1,Mohammad Prince,test@gmail.com,880,1825731327,0,0,0,0,NULL,02-23-22 10:09,02-23-22 11:15
1,1,Mohammad Prince,test@gmail.com,880,1825731327,0,0,0,0,NULL,02-24-22 10:09,02-24-22 11:15
1,1,Mohammad Prince,test@gmail.com,880,1825731327,0,0,0,0,NULL,02-25-22 10:09,02-25-22 11:15
1,1,Mohammad Prince,test@gmail.com,880,1825731327,0,0,0,0,NULL,02-26-22 10:09,02-26-22 11:15
1,1,Mohammad Prince,test@gmail.com,880,1825731327,0,0,0,0,NULL,02-27-22 10:09,02-27-22 11:15
1,1,Mohammad Prince,test@gmail.com,880,1825731327,0,0,0,0,NULL,02-28-22 10:09,02-28-22 11:15
1,1,Mohammad Prince,test@gmail.com,880,1825731327,0,0,0,0,NULL,03-01-22 10:09,03-01-22 11:15
1,1,Mohammad Prince,test@gmail.com,880,1825731327,0,0,0,0,NULL,03-02-22 10:09,03-02-22 11:15
1,1,Mohammad Prince,test@gmail.com,880,1825731327,0,0,0,0,NULL,03-03-22 10:09,03-03-22 11:15
1,1,Mohammad Prince,test@gmail.com,880,1825731327,0,0,0,0,NULL,03-04-22 10:09,03-04-22 11:15
1,1,Mohammad Prince,test@gmail.com,880,1825731327,0,0,0,0,NULL,03-05-22 10:09,03-05-22 11:15
1,1,Mohammad Prince,test@gmail.com,880,1825731327,0,0,0,0,NULL,03-06-22 10:09,03-06-22 11:15
1,1,Mohammad Prince,test@gmail.com,880,1825731327,0,0,0,0,NULL,03-07-22 10:09,03-07-22 11:15
1,1,Mohammad Prince,test@gmail.com,880,1825731327,0,0,0,0,NULL,03-08-22 10:09,03-08-22 11:15
1,1,Mohammad Prince,test@gmail.com,880,1825731327,0,0,0,0,NULL,03-09-22 10:09,03-09-22 11:15
1,1,Mohammad Prince,test@gmail.com,880,1825731327,0,0,0,0,NULL,03-10-22 10:09,03-10-22 11:15
1,1,Mohammad Prince,test@gmail.com,880,1825731327,0,0,0,0,NULL,03-11-22 10:09,03-11-22 11:15
1,1,Mohammad Prince,test@gmail.com,880,1825731327,0,0,0,0,NULL,03-12-22 10:09,03-12-22 11:15
1,1,Mohammad Prince,test@gmail.com,880,1825731327,0,0,0,0,NULL,03-13-22 10:09,03-13-22 11:15
1,1,Mohammad Prince,test@gmail.com,880,1825731327,0,0,0,0,NULL,03-14-22 10:09,03-14-22 11:15
1,1,Mohammad Prince,test@gmail.com,880,1825731327,0,0,0,0,NULL,03-15-22 10:09,03-15-22 11:15
1,1,Mohammad Prince,test@gmail.com,880,1825731327,0,0,0,0,NULL,03-16-22 10:09,03-16-22 11:15
1,1,Mohammad Prince,test@gmail.com,880,1825731327,0,0,0,0,NULL,03-17-22 10:09,03-17-22 11:15
1,1,Mohammad Prince,test@gmail.com,880,1825731327,0,0,0,0,NULL,03-18-22 10:09,03-18-22 11:15
1,1,Mohammad Prince,test@gmail.com,880,1825731327,0,0,0,0,NULL,03-19-22 10:09,03-19-22 11:15
1,1,Mohammad Prince,test@gmail.com,880,1825731327,0,0,0,0,NULL,03-20-22 10:09,03-20-22 11:15
1,1,Mohammad Prince,test@gmail.com,880,1825731327,0,0,0,0,NULL,03-21-22 10:09,03-21-22 11:15
1,1,Mohammad Prince,test@gmail.com,880,1825731327,0,0,0,0,NULL,03-22-22 10:09,03-22-22 11:15
1,1,Mohammad Prince,test@gmail.com,880,1825731327,0,0,0,0,NULL,03-23-22 10:09,03-23-22 11:15
1,1,Mohammad Prince,test@gmail.com,880,1825731327,0,0,0,0,NULL,03-24-22 10:09,03-24-22 11:15
1,1,Mohammad Prince,test@gmail.com,880,1825731327,0,0,0,0,NULL,03-25-22 10:09,03-25-22 11:15
1,1,Mohammad Prince,test@gmail.com,880,1825731327,0,0,0,0,NULL,03-26-22 10:09,03-26-22 11:15
1,1,Mohammad Prince,test@gmail.com,880,1825731327,0,0,0,0,NULL,03-27-22 10:09,03-27-22 11:15
1,1,Mohammad Prince,test@gmail.com,880,1825731327,0,0,0,0,NULL,03-28-22 10:09,03-28-22 11:15
1,1,Mohammad Prince,test@gmail.com,880,1825731327,0,0,0,0,NULL,03-29-22 10:09,03-29-22 11:15
1,1,Mohammad Prince,test@gmail.com,880,1825731327,0,0,0,0,NULL,03-30-22 10:09,03-30-22 11:15
1,1,Mohammad Prince,test@gmail.com,880,1825731327,0,0,0,0,NULL,03-31-22 10:09,03-31-22 11:15
1,1,Mohammad Prince,test@gmail.com,880,1825731327,0,0,0,0,NULL,04-01-22 10:09,04-01-22 11:15
1,1,Mohammad Prince,test@gmail.com,880,1825731327,0,0,0,0,NULL,04-02-22 10:09,04-02-22 11:15
1,1,Mohammad Prince,test@gmail.com,880,1825731327,0,0,0,0,NULL,04-03-22 10:09,04-03-22 11:15
1,1,Mohammad Prince,test@gmail.com,880,1825731327,0,0,0,0,NULL,04-04-22 10:09,04-04-22 11:15
1,1,Mohammad Prince,test@gmail.com,880,1825731327,0,0,0,0,NULL,04-05-22 10:09,04-05-22 11:15
1,1,Mohammad Prince,test@gmail.com,880,1825731327,0,0,0,0,NULL,04-06-22 10:09,04-06-22 11:15
1,1,Mohammad Prince,test@gmail.com,880,1825731327,0,0,0,0,NULL,04-07-22 10:09,04-07-22 11:15
1,1,Mohammad Prince,test@gmail.com,880,1825731327,0,0,0,0,NULL,04-08-22 10:09,04-08-22 11:15
1,1,Mohammad Prince,test@gmail.com,880,1825731327,0,0,0,0,NULL,04-09-22 10:09,04-09-22 11:15
1,1,Mohammad Prince,test@gmail.com,880,1825731327,0,0,0,0,NULL,04-10-22 10:09,04-10-22 11:15
1,1,Mohammad Prince,test@gmail.com,880,1825731327,0,0,0,0,NULL,04-11-22 10:09,04-11-22 11:15
1,1,Mohammad Prince,test@gmail.com,880,1825731327,0,0,0,0,NULL,04-12-22 10:09,04-12-22 11:15
1,1,Mohammad Prince,test@gmail.com,880,1825731327,0,0,0,0,NULL,04-13-22 10:09,04-13-22 11:15
1,1,Mohammad Prince,test@gmail.com,880,1825731327,0,0,0,0,NULL,04-14-22 10:09,04-14-22 11:15
1,1,Mohammad Prince,test@gmail.com,880,1825731327,0,0,0,0,NULL,04-15-22 10:09,04-15-22 11:15
1,1,Mohammad Prince,test@gmail.com,880,1825731327,0,0,0,0,NULL,04-16-22 10:09,04-16-22 11:15
1,1,Mohammad Prince,test@gmail.com,880,1825731327,0,0,0,0,NULL,04-17-22 10:09,04-17-22 11:15
1,1,Mohammad Prince,test@gmail.com,880,1825731327,0,0,0,0,NULL,04-18-22 10:09,04-18-22 11:15
1,1,Mohammad Prince,test@gmail.com,880,1825731327,0,0,0,0,NULL,04-19-22 10:09,04-19-22 11:15
1,1,Mohammad Prince,test@gmail.com,880,1825731327,0,0,0,0,NULL,04-20-22 10:09,04-20-22 11:15
1,1,Mohammad Prince,test@gmail.com,880,1825731327,0,0,0,0,NULL,04-21-22 10:09,04-21-22 11:15
1,1,Mohammad Prince,test@gmail.com,880,1825731327,0,0,0,0,NULL,04-22-22 10:09,04-22-22 11:15
1,1,Mohammad Prince,test@gmail.com,880,1825731327,0,0,0,0,NULL,04-23-22 10:09,04-23-22 11:15
1,1,Mohammad Prince,test@gmail.com,880,1825731327,0,0,0,0,NULL,04-24-22 10:09,04-24-22 11:15
1,1,Mohammad Prince,test@gmail.com,880,1825731327,0,0,0,0,NULL,04-25-22 10:09,04-25-22 11:15
1,1,Mohammad Prince,test@gmail.com,880,1825731327,0,0,0,0,NULL,04-26-22 10:09,04-26-22 11:15
1,1,Mohammad Prince,test@gmail.com,880,1825731327,0,0,0,0,NULL,04-27-22 10:09,04-27-22 11:15
1,1,Mohammad Prince,test@gmail.com,880,1825731327,0,0,0,0,NULL,04-28-22 10:09,04-28-22 11:15
1,1,Mohammad Prince,test@gmail.com,880,1825731327,0,0,0,0,NULL,04-29-22 10:09,04-29-22 11:15
1,1,Mohammad Prince,test@gmail.com,880,1825731327,0,0,0,0,NULL,04-30-22 10:09,04-30-22 11:15
1,1,Mohammad Prince,test@gmail.com,880,1825731327,0,0,0,0,NULL,05-01-22 10:09,05-01-22 11:15
1,1,Mohammad Prince,test@gmail.com,880,1825731327,0,0,0,0,NULL,05-02-22 10:09,05-02-22 11:15
1,1,Mohammad Prince,test@gmail.com,880,1825731327,0,0,0,0,NULL,05-03-22 10:09,05-03-22 11:15
1,1,Mohammad Prince,test@gmail.com,880,1825731327,0,0,0,0,NULL,05-04-22 10:09,05-04-22 11:15
1,1,Mohammad Prince,test@gmail.com,880,1825731327,0,0,0,0,NULL,05-05-22 10:09,05-05-22 11:15
1,1,Mohammad Prince,test@gmail.com,880,1825731327,0,0,0,0,NULL,05-06-22 10:09,05-06-22 11:15
1,1,Mohammad Prince,test@gmail.com,880,1825731327,0,0,0,0,NULL,05-07-22 10:09,05-07-22 11:15
1,1,Mohammad Prince,test@gmail.com,880,1825731327,0,0,0,0,NULL,05-08-22 10:09,05-08-22 11:15
1,1,Mohammad Prince,test@gmail.com,880,1825731327,0,0,0,0,NULL,05-09-22 10:09,05-09-22 11:15
1,1,Mohammad Prince,test@gmail.com,880,1825731327,0,0,0,0,NULL,05-10-22 10:09,05-10-22 11:15
1,1,Mohammad Prince,test@gmail.com,880,1825731327,0,0,0,0,NULL,05-11-22 10:09,05-11-22 11:15
1,1,Mohammad Prince,test@gmail.com,880,1825731327,0,0,0,0,NULL,05-12-22 10:09,05-12-22 11:15
1,1,Mohammad Prince,test@gmail.com,880,1825731327,0,0,0,0,NULL,05-13-22 10:09,05-13-22 11:15
1,1,Mohammad Prince,test@gmail.com,880,1825731327,0,0,0,0,NULL,05-14-22 10:09,05-14-22 11:15
1,1,Mohammad Prince,test@gmail.com,880,1825731327,0,0,0,0,NULL,05-15-22 10:09,05-15-22 11:15
1,1,Mohammad Prince,test@gmail.com,880,1825731327,0,0,0,0,NULL,05-16-22 10:09,05-16-22 11:15
1,1,Mohammad Prince,test@gmail.com,880,1825731327,0,0,0,0,NULL,05-17-22 10:09,05-17-22 11:15
1,1,Mohammad Prince,test@gmail.com,880,1825731327,0,0,0,0,NULL,05-18-22 10:09,05-18-22 11:15
1,1,Mohammad Prince,test@gmail.com,880,1825731327,0,0,0,0,NULL,05-19-22 10:09,05-19-22 11:15
1,1,Mohammad Prince,test@gmail.com,880,1825731327,0,0,0,0,NULL,05-20-22 10:09,05-20-22 11:15
1,1,Mohammad Prince,test@gmail.com,880,1825731327,0,0,0,0,NULL,05-21-22 10:09,05-21-22 11:15
1,1,Mohammad Prince,test@gmail.com,880,1825731327,0,0,0,0,NULL,05-22-22 10:09,05-22-22 11:15
1,1,Mohammad Prince,test@gmail.com,880,1825731327,0,0,0,0,NULL,05-23-22 10:09,05-23-22 11:15
1,1,Mohammad Prince,test@gmail.com,880,1825731327,0,0,0,0,NULL,05-24-22 10:09,05-24-22 11:15
1,1,Mohammad Prince,test@gmail.com,880,1825731327,0,0,0,0,NULL,05-25-22 10:09,05-25-22 11:15
1,1,Mohammad Prince,test@gmail.com,880,1825731327,0,0,0,0,NULL,05-26-22 10:09,05-26-22 11:15
1,1,Mohammad Prince,test@gmail.com,880,1825731327,0,0,0,0,NULL,05-27-22 10:09,05-27-22 11:15
1,1,Mohammad Prince,test@gmail.com,880,1825731327,0,0,0,0,NULL,05-28-22 10:09,05-28-22 11:15
1,1,Mohammad Prince,test@gmail.com,880,1825731327,0,0,0,0,NULL,05-29-22 10:09,05-29-22 11:15
1,1,Mohammad Prince,test@gmail.com,880,1825731327,0,0,0,0,NULL,05-30-22 10:09,05-30-22 11:15
1,1,Mohammad Prince,test@gmail.com,880,1825731327,0,0,0,0,NULL,05-31-22 10:09,05-31-22 11:15
1,1,Mohammad Prince,test@gmail.com,880,1825731327,0,0,0,0,NULL,06-01-22 10:09,06-01-22 11:15
1,1,Mohammad Prince,test@gmail.com,880,1825731327,0,0,0,0,NULL,06-02-22 10:09,06-02-22 11:15
1,1,Mohammad Prince,test@gmail.com,880,1825731327,0,0,0,0,NULL,06-03-22 10:09,06-03-22 11:15
1,1,Mohammad Prince,test@gmail.com,880,1825731327,0,0,0,0,NULL,06-04-22 10:09,06-04-22 11:15
1,1,Mohammad Prince,test@gmail.com,880,1825731327,0,0,0,0,NULL,06-05-22 10:09,06-05-22 11:15
1,1,Mohammad Prince,test@gmail.com,880,1825731327,0,0,0,0,NULL,06-06-22 10:09,06-06-22 11:15
1,1,Mohammad Prince,test@gmail.com,880,1825731327,0,0,0,0,NULL,06-07-22 10:09,06-07-22 11:15
1,1,Mohammad Prince,test@gmail.com,880,1825731327,0,0,0,0,NULL,06-08-22 10:09,06-08-22 11:15
1,1,Mohammad Prince,test@gmail.com,880,1825731327,0,0,0,0,NULL,06-09-22 10:09,06-09-22 11:15
1,1,Mohammad Prince,test@gmail.com,880,1825731327,0,0,0,0,NULL,06-10-22 10:09,06-10-22 11:15
1,1,Mohammad Prince,test@gmail.com,880,1825731327,0,0,0,0,NULL,06-11-22 10:09,06-11-22 11:15
1,1,Mohammad Prince,test@gmail.com,880,1825731327,0,0,0,0,NULL,06-12-22 10:09,06-12-22 11:15
1,1,Mohammad Prince,test@gmail.com,880,1825731327,0,0,0,0,NULL,06-13-22 10:09,06-13-22 11:15
1,1,Mohammad Prince,test@gmail.com,880,1825731327,0,0,0,0,NULL,06-14-22 10:09,06-14-22 11:15
1,1,Mohammad Prince,test@gmail.com,880,1825731327,0,0,0,0,NULL,06-15-22 10:09,06-15-22 11:15
1,1,Mohammad Prince,test@gmail.com,880,1825731327,0,0,0,0,NULL,06-16-22 10:09,06-16-22 11:15
1,1,Mohammad Prince,test@gmail.com,880,1825731327,0,0,0,0,NULL,06-17-22 10:09,06-17-22 11:15
1,1,Mohammad Prince,test@gmail.com,880,1825731327,0,0,0,0,NULL,06-18-22 10:09,06-18-22 11:15
1,1,Mohammad Prince,test@gmail.com,880,1825731327,0,0,0,0,NULL,06-19-22 10:09,06-19-22 11:15
1,1,Mohammad Prince,test@gmail.com,880,1825731327,0,0,0,0,NULL,06-20-22 10:09,06-20-22 11:15
1,1,Mohammad Prince,test@gmail.com,880,1825731327,0,0,0,0,NULL,06-21-22 10:09,06-21-22 11:15
1,1,Mohammad Prince,test@gmail.com,880,1825731327,0,0,0,0,NULL,06-22-22 10:09,06-22-22 11:15
1,1,Mohammad Prince,test@gmail.com,880,1825731327,0,0,0,0,NULL,06-23-22 10:09,06-23-22 11:15
1,1,Mohammad Prince,test@gmail.com,880,1825731327,0,0,0,0,NULL,06-24-22 10:09,06-24-22 11:15
1,1,Mohammad Prince,test@gmail.com,880,1825731327,0,0,0,0,NULL,06-25-22 10:09,06-25-22 11:15
1,1,Mohammad Prince,test@gmail.com,880,1825731327,0,0,0,0,NULL,06-26-22 10:09,06-26-22 11:15
1,1,Mohammad Prince,test@gmail.com,880,1825731327,0,0,0,0,NULL,06-27-22 10:09,06-27-22 11:15
1,1,Mohammad Prince,test@gmail.com,880,1825731327,0,0,0,0,NULL,06-28-22 10:09,06-28-22 11:15
1,1,Mohammad Prince,test@gmail.com,880,1825731327,0,0,0,0,NULL,06-29-22 10:09,06-29-22 11:15
1,1,Mohammad Prince,test@gmail.com,880,1825731327,0,0,0,0,NULL,06-30-22 10:09,06-30-22 11:15
1,1,Mohammad Prince,test@gmail.com,880,1825731327,0,0,0,0,NULL,07-01-22 10:09,07-01-22 11:15
1,1,Mohammad Prince,test@gmail.com,880,1825731327,0,0,0,0,NULL,07-02-22 10:09,07-02-22 11:15
1,1,Mohammad Prince,test@gmail.com,880,1825731327,0,0,0,0,NULL,07-03-22 10:09,07-03-22 11:15
1,1,Mohammad Prince,test@gmail.com,880,1825731327,0,0,0,0,NULL,07-04-22 10:09,07-04-22 11:15
1,1,Mohammad Prince,test@gmail.com,880,1825731327,0,0,0,0,NULL,07-05-22 10:09,07-05-22 11:15
1,1,Mohammad Prince,test@gmail.com,880,1825731327,0,0,0,0,NULL,07-06-22 10:09,07-06-22 11:15
1,1,Mohammad Prince,test@gmail.com,880,1825731327,0,0,0,0,NULL,07-07-22 10:09,07-07-22 11:15
1,1,Mohammad Prince,test@gmail.com,880,1825731327,0,0,0,0,NULL,07-08-22 10:09,07-08-22 11:15
1,1,Mohammad Prince,test@gmail.com,880,1825731327,0,0,0,0,NULL,07-09-22 10:09,07-09-22 11:15
1,1,Mohammad Prince,test@gmail.com,880,1825731327,0,0,0,0,NULL,07-10-22 10:09,07-10-22 11:15
1,1,Mohammad Prince,test@gmail.com,880,1825731327,0,0,0,0,NULL,07-11-22 10:09,07-11-22 11:15
1,1,Mohammad Prince,test@gmail.com,880,1825731327,0,0,0,0,NULL,07-12-22 10:09,07-12-22 11:15
1,1,Mohammad Prince,test@gmail.com,880,1825731327,0,0,0,0,NULL,07-13-22 10:09,07-13-22 11:15
1,1,Mohammad Prince,test@gmail.com,880,1825731327,0,0,0,0,NULL,07-14-22 10:09,07-14-22 11:15
1,1,Mohammad Prince,test@gmail.com,880,1825731327,0,0,0,0,NULL,07-15-22 10:09,07-15-22 11:15
1,1,Mohammad Prince,test@gmail.com,880,1825731327,0,0,0,0,NULL,07-16-22 10:09,07-16-22 11:15
1,1,Mohammad Prince,test@gmail.com,880,1825731327,0,0,0,0,NULL,07-17-22 10:09,07-17-22 11:15
1,1,Mohammad Prince,test@gmail.com,880,1825731327,0,0,0,0,NULL,07-18-22 10:09,07-18-22 11:15
1,1,Mohammad Prince,test@gmail.com,880,1825731327,0,0,0,0,NULL,07-19-22 10:09,07-19-22 11:15
1,1,Mohammad Prince,test@gmail.com,880,1825731327,0,0,0,0,NULL,07-20-22 10:09,07-20-22 11:15
1,1,Mohammad Prince,test@gmail.com,880,1825731327,0,0,0,0,NULL,07-21-22 10:09,07-21-22 11:15
1,1,Mohammad Prince,test@gmail.com,880,1825731327,0,0,0,0,NULL,07-22-22 10:09,07-22-22 11:15
1,1,Mohammad Prince,test@gmail.com,880,1825731327,0,0,0,0,NULL,07-23-22 10:09,07-23-22 11:15
1,1,Mohammad Prince,test@gmail.com,880,1825731327,0,0,0,0,NULL,07-24-22 10:09,07-24-22 11:15
1,1,Mohammad Prince,test@gmail.com,880,1825731327,0,0,0,0,NULL,07-25-22 10:09,07-25-22 11:15
1,1,Mohammad Prince,test@gmail.com,880,1825731327,0,0,0,0,NULL,07-26-22 10:09,07-26-22 11:15
1,1,Mohammad Prince,test@gmail.com,880,1825731327,0,0,0,0,NULL,07-27-22 10:09,07-27-22 11:15
1,1,Mohammad Prince,test@gmail.com,880,1825731327,0,0,0,0,NULL,07-28-22 10:09,07-28-22 11:15
1,1,Mohammad Prince,test@gmail.com,880,1825731327,0,0,0,0,NULL,07-29-22 10:09,07-29-22 11:15
1,1,Mohammad Prince,test@gmail.com,880,1825731327,0,0,0,0,NULL,07-30-22 10:09,07-30-22 11:15
1,1,Mohammad Prince,test@gmail.com,880,1825731327,0,0,0,0,NULL,07-31-22 10:09,07-31-22 11:15
1,1,Mohammad Prince,test@gmail.com,880,1825731327,0,0,0,0,NULL,08-01-22 10:09,08-01-22 11:15
1,1,Mohammad Prince,test@gmail.com,880,1825731327,0,0,0,0,NULL,08-02-22 10:09,08-02-22 11:15
1,1,Mohammad Prince,test@gmail.com,880,1825731327,0,0,0,0,NULL,08-03-22 10:09,08-03-22 11:15
1,1,Mohammad Prince,test@gmail.com,880,1825731327,0,0,0,0,NULL,08-04-22 10:09,08-04-22 11:15
1,1,Mohammad Prince,test@gmail.com,880,1825731327,0,0,0,0,NULL,08-05-22 10:09,08-05-22 11:15
1,1,Mohammad Prince,test@gmail.com,880,1825731327,0,0,0,0,NULL,08-06-22 10:09,08-06-22 11:15
1,1,Mohammad Prince,test@gmail.com,880,1825731327,0,0,0,0,NULL,08-07-22 10:09,08-07-22 11:15
1,1,Mohammad Prince,test@gmail.com,880,1825731327,0,0,0,0,NULL,08-08-22 10:09,08-08-22 11:15
1,1,Mohammad Prince,test@gmail.com,880,1825731327,0,0,0,0,NULL,08-09-22 10:09,08-09-22 11:15
1,1,Mohammad Prince,test@gmail.com,880,1825731327,0,0,0,0,NULL,08-10-22 10:09,08-10-22 11:15
1,1,Mohammad Prince,test@gmail.com,880,1825731327,0,0,0,0,NULL,08-11-22 10:09,08-11-22 11:15
1,1,Mohammad Prince,test@gmail.com,880,1825731327,0,0,0,0,NULL,08-12-22 10:09,08-12-22 11:15
1,1,Mohammad Prince,test@gmail.com,880,1825731327,0,0,0,0,NULL,08-13-22 10:09,08-13-22 11:15
1,1,Mohammad Prince,test@gmail.com,880,1825731327,0,0,0,0,NULL,08-14-22 10:09,08-14-22 11:15
1,1,Mohammad Prince,test@gmail.com,880,1825731327,0,0,0,0,NULL,08-15-22 10:09,08-15-22 11:15
1,1,Mohammad Prince,test@gmail.com,880,1825731327,0,0,0,0,NULL,08-16-22 10:09,08-16-22 11:15
1,1,Mohammad Prince,test@gmail.com,880,1825731327,0,0,0,0,NULL,08-17-22 10:09,08-17-22 11:15
1,1,Mohammad Prince,test@gmail.com,880,1825731327,0,0,0,0,NULL,08-18-22 10:09,08-18-22 11:15
1,1,Mohammad Prince,test@gmail.com,880,1825731327,0,0,0,0,NULL,08-19-22 10:09,08-19-22 11:15
1,1,Mohammad Prince,test@gmail.com,880,1825731327,0,0,0,0,NULL,08-20-22 10:09,08-20-22 11:15
1,1,Mohammad Prince,test@gmail.com,880,1825731327,0,0,0,0,NULL,08-21-22 10:09,08-21-22 11:15
1,1,Mohammad Prince,test@gmail.com,880,1825731327,0,0,0,0,NULL,08-22-22 10:09,08-22-22 11:15
1,1,Mohammad Prince,test@gmail.com,880,1825731327,0,0,0,0,NULL,08-23-22 10:09,08-23-22 11:15
1,1,Mohammad Prince,test@gmail.com,880,1825731327,0,0,0,0,NULL,08-24-22 10:09,08-24-22 11:15
1,1,Mohammad Prince,test@gmail.com,880,1825731327,0,0,0,0,NULL,08-25-22 10:09,08-25-22 11:15
1,1,Mohammad Prince,test@gmail.com,880,1825731327,0,0,0,0,NULL,08-26-22 10:09,08-26-22 11:15
1,1,Mohammad Prince,test@gmail.com,880,1825731327,0,0,0,0,NULL,08-27-22 10:09,08-27-22 11:15
1,1,Mohammad Prince,test@gmail.com,880,1825731327,0,0,0,0,NULL,08-28-22 10:09,08-28-22 11:15
1,1,Mohammad Prince,test@gmail.com,880,1825731327,0,0,0,0,NULL,08-29-22 10:09,08-29-22 11:15
1,1,Mohammad Prince,test@gmail.com,880,1825731327,0,0,0,0,NULL,08-30-22 10:09,08-30-22 11:15
1,1,Mohammad Prince,test@gmail.com,880,1825731327,0,0,0,0,NULL,08-31-22 10:09,08-31-22 11:15
1,1,Mohammad Prince,test@gmail.com,880,1825731327,0,0,0,0,NULL,09-01-22 10:09,09-01-22 11:15
1,1,Mohammad Prince,test@gmail.com,880,1825731327,0,0,0,0,NULL,09-02-22 10:09,09-02-22 11:15
1,1,Mohammad Prince,test@gmail.com,880,1825731327,0,0,0,0,NULL,09-03-22 10:09,09-03-22 11:15
1,1,Mohammad Prince,test@gmail.com,880,1825731327,0,0,0,0,NULL,09-04-22 10:09,09-04-22 11:15
1,1,Mohammad Prince,test@gmail.com,880,1825731327,0,0,0,0,NULL,09-05-22 10:09,09-05-22 11:15
1,1,Mohammad Prince,test@gmail.com,880,1825731327,0,0,0,0,NULL,09-06-22 10:09,09-06-22 11:15
1,1,Mohammad Prince,test@gmail.com,880,1825731327,0,0,0,0,NULL,09-07-22 10:09,09-07-22 11:15
1,1,Mohammad Prince,test@gmail.com,880,1825731327,0,0,0,0,NULL,09-08-22 10:09,09-08-22 11:15
1,1,Mohammad Prince,test@gmail.com,880,1825731327,0,0,0,0,NULL,09-09-22 10:09,09-09-22 11:15
1,1,Mohammad Prince,test@gmail.com,880,1825731327,0,0,0,0,NULL,09-10-22 10:09,09-10-22 11:15
1,1,Mohammad Prince,test@gmail.com,880,1825731327,0,0,0,0,NULL,09-11-22 10:09,09-11-22 11:15
1,1,Mohammad Prince,test@gmail.com,880,1825731327,0,0,0,0,NULL,09-12-22 10:09,09-12-22 11:15
1,1,Mohammad Prince,test@gmail.com,880,1825731327,0,0,0,0,NULL,09-13-22 10:09,09-13-22 11:15
1,1,Mohammad Prince,test@gmail.com,880,1825731327,0,0,0,0,NULL,09-14-22 10:09,09-14-22 11:15
1,1,Mohammad Prince,test@gmail.com,880,1825731327,0,0,0,0,NULL,09-15-22 10:09,09-15-22 11:15
1,1,Mohammad Prince,test@gmail.com,880,1825731327,0,0,0,0,NULL,09-16-22 10:09,09-16-22 11:15
1,1,Mohammad Prince,test@gmail.com,880,1825731327,0,0,0,0,NULL,09-17-22 10:09,09-17-22 11:15
1,1,Mohammad Prince,test@gmail.com,880,1825731327,0,0,0,0,NULL,09-18-22 10:09,09-18-22 11:15
1,1,Mohammad Prince,test@gmail.com,880,1825731327,0,0,0,0,NULL,09-19-22 10:09,09-19-22 11:15
1,1,Mohammad Prince,test@gmail.com,880,1825731327,0,0,0,0,NULL,09-20-22 10:09,09-20-22 11:15
1,1,Mohammad Prince,test@gmail.com,880,1825731327,0,0,0,0,NULL,09-21-22 10:09,09-21-22 11:15
1,1,Mohammad Prince,test@gmail.com,880,1825731327,0,0,0,0,NULL,09-22-22 10:09,09-22-22 11:15
1,1,Mohammad Prince,test@gmail.com,880,1825731327,0,0,0,0,NULL,09-23-22 10:09,09-23-22 11:15
1,1,Mohammad Prince,test@gmail.com,880,1825731327,0,0,0,0,NULL,09-24-22 10:09,09-24-22 11:15
1,1,Mohammad Prince,test@gmail.com,880,1825731327,0,0,0,0,NULL,09-25-22 10:09,09-25-22 11:15
1,1,Mohammad Prince,test@gmail.com,880,1825731327,0,0,0,0,NULL,09-26-22 10:09,09-26-22 11:15
1,1,Mohammad Prince,test@gmail.com,880,1825731327,0,0,0,0,NULL,09-27-22 10:09,09-27-22 11:15
1,1,Mohammad Prince,test@gmail.com,880,1825731327,0,0,0,0,NULL,09-28-22 10:09,09-28-22 11:15
1,1,Mohammad Prince,test@gmail.com,880,1825731327,0,0,0,0,NULL,09-29-22 10:09,09-29-22 11:15
1,1,Mohammad Prince,test@gmail.com,880,1825731327,0,0,0,0,NULL,09-30-22 10:09,09-30-22 11:15
1,1,Mohammad Prince,test@gmail.com,880,1825731327,0,0,0,0,NULL,10-01-22 10:09,10-01-22 11:15
1,1,Mohammad Prince,test@gmail.com,880,1825731327,0,0,0,0,NULL,10-02-22 10:09,10-02-22 11:15
1,1,Mohammad Prince,test@gmail.com,880,1825731327,0,0,0,0,NULL,10-03-22 10:09,10-03-22 11:15
1,1,Mohammad Prince,test@gmail.com,880,1825731327,0,0,0,0,NULL,10-04-22 10:09,10-04-22 11:15
1,1,Mohammad Prince,test@gmail.com,880,1825731327,0,0,0,0,NULL,10-05-22 10:09,10-05-22 11:15
1,1,Mohammad Prince,test@gmail.com,880,1825731327,0,0,0,0,NULL,10-06-22 10:09,10-06-22 11:15
1,1,Mohammad Prince,test@gmail.com,880,1825731327,0,0,0,0,NULL,10-07-22 10:09,10-07-22 11:15
1,1,Mohammad Prince,test@gmail.com,880,1825731327,0,0,0,0,NULL,10-08-22 10:09,10-08-22 11:15
1,1,Mohammad Prince,test@gmail.com,880,1825731327,0,0,0,0,NULL,10-09-22 10:09,10-09-22 11:15
1,1,Mohammad Prince,test@gmail.com,880,1825731327,0,0,0,0,NULL,10-10-22 10:09,10-10-22 11:15
1,1,Mohammad Prince,test@gmail.com,880,1825731327,0,0,0,0,NULL,10-11-22 10:09,10-11-22 11:15
1,1,Mohammad Prince,test@gmail.com,880,1825731327,0,0,0,0,NULL,10-12-22 10:09,10-12-22 11:15
1,1,Mohammad Prince,test@gmail.com,880,1825731327,0,0,0,0,NULL,10-13-22 10:09,10-13-22 11:15
1,1,Mohammad Prince,test@gmail.com,880,1825731327,0,0,0,0,NULL,10-14-22 10:09,10-14-22 11:15
1,1,Mohammad Prince,test@gmail.com,880,1825731327,0,0,0,0,NULL,10-15-22 10:09,10-15-22 11:15
1,1,Mohammad Prince,test@gmail.com,880,1825731327,0,0,0,0,NULL,10-16-22 10:09,10-16-22 11:15
1,1,Mohammad Prince,test@gmail.com,880,1825731327,0,0,0,0,NULL,10-17-22 10:09,10-17-22 11:15
1,1,Mohammad Prince,test@gmail.com,880,1825731327,0,0,0,0,NULL,10-18-22 10:09,10-18-22 11:15
1,1,Mohammad Prince,test@gmail.com,880,1825731327,0,0,0,0,NULL,10-19-22 10:09,10-19-22 11:15
1,1,Mohammad Prince,test@gmail.com,880,1825731327,0,0,0,0,NULL,10-20-22 10:09,10-20-22 11:15
1,1,Mohammad Prince,test@gmail.com,880,1825731327,0,0,0,0,NULL,10-21-22 10:09,10-21-22 11:15
1,1,Mohammad Prince,test@gmail.com,880,1825731327,0,0,0,0,NULL,10-22-22 10:09,10-22-22 11:15
1,1,Mohammad Prince,test@gmail.com,880,1825731327,0,0,0,0,NULL,10-23-22 10:09,10-23-22 11:15
1,1,Mohammad Prince,test@gmail.com,880,1825731327,0,0,0,0,NULL,10-24-22 10:09,10-24-22 11:15
1,1,Mohammad Prince,test@gmail.com,880,1825731327,0,0,0,0,NULL,10-25-22 10:09,10-25-22 11:15
1,1,Mohammad Prince,test@gmail.com,880,1825731327,0,0,0,0,NULL,10-26-22 10:09,10-26-22 11:15
1,1,Mohammad Prince,test@gmail.com,880,1825731327,0,0,0,0,NULL,10-27-22 10:09,10-27-22 11:15
1,1,Mohammad Prince,test@gmail.com,880,1825731327,0,0,0,0,NULL,10-28-22 10:09,10-28-22 11:15
1,1,Mohammad Prince,test@gmail.com,880,1825731327,0,0,0,0,NULL,10-29-22 10:09,10-29-22 11:15
1,1,Mohammad Prince,test@gmail.com,880,1825731327,0,0,0,0,NULL,10-30-22 10:09,10-30-22 11:15
1,1,Mohammad Prince,test@gmail.com,880,1825731327,0,0,0,0,NULL,10-31-22 10:09,10-31-22 11:15
1,1,Mohammad Prince,test@gmail.com,880,1825731327,0,0,0,0,NULL,11-01-22 10:09,11-01-22 11:15
1,1,Mohammad Prince,test@gmail.com,880,1825731327,0,0,0,0,NULL,11-02-22 10:09,11-02-22 11:15
1,1,Mohammad Prince,test@gmail.com,880,1825731327,0,0,0,0,NULL,11-03-22 10:09,11-03-22 11:15
1,1,Mohammad Prince,test@gmail.com,880,1825731327,0,0,0,0,NULL,11-04-22 10:09,11-04-22 11:15
1,1,Mohammad Prince,test@gmail.com,880,1825731327,0,0,0,0,NULL,11-05-22 10:09,11-05-22 11:15
1,1,Mohammad Prince,test@gmail.com,880,1825731327,0,0,0,0,NULL,11-06-22 10:09,11-06-22 11:15
1,1,Mohammad Prince,test@gmail.com,880,1825731327,0,0,0,0,NULL,11-07-22 10:09,11-07-22 11:15
1,1,Mohammad Prince,test@gmail.com,880,1825731327,0,0,0,0,NULL,11-08-22 10:09,11-08-22 11:15
1,1,Mohammad Prince,test@gmail.com,880,1825731327,0,0,0,0,NULL,11-09-22 10:09,11-09-22 11:15
1,1,Mohammad Prince,test@gmail.com,880,1825731327,0,0,0,0,NULL,11-10-22 10:09,11-10-22 11:15
1,1,Mohammad Prince,test@gmail.com,880,1825731327,0,0,0,0,NULL,11-11-22 10:09,11-11-22 11:15
1,1,Mohammad Prince,test@gmail.com,880,1825731327,0,0,0,0,NULL,11-12-22 10:09,11-12-22 11:15
1,1,Mohammad Prince,test@gmail.com,880,1825731327,0,0,0,0,NULL,11-13-22 10:09,11-13-22 11:15
1,1,Mohammad Prince,test@gmail.com,880,1825731327,0,0,0,0,NULL,11-14-22 10:09,11-14-22 11:15
1,1,Mohammad Prince,test@gmail.com,880,1825731327,0,0,0,0,NULL,11-15-22 10:09,11-15-22 11:15
1,1,Mohammad Prince,test@gmail.com,880,1825731327,0,0,0,0,NULL,11-16-22 10:09,11-16-22 11:15
1,1,Mohammad Prince,test@gmail.com,880,1825731327,0,0,0,0,NULL,11-17-22 10:09,11-17-22 11:15
1,1,Mohammad Prince,test@gmail.com,880,1825731327,0,0,0,0,NULL,11-18-22 10:09,11-18-22 11:15
1,1,Mohammad Prince,test@gmail.com,880,1825731327,0,0,0,0,NULL,11-19-22 10:09,11-19-22 11:15
1,1,Mohammad Prince,test@gmail.com,880,1825731327,0,0,0,0,NULL,11-20-22 10:09,11-20-22 11:15
1,1,Mohammad Prince,test@gmail.com,880,1825731327,0,0,0,0,NULL,11-21-22 10:09,11-21-22 11:15
1,1,Mohammad Prince,test@gmail.com,880,1825731327,0,0,0,0,NULL,11-22-22 10:09,11-22-22 11:15
1,1,Mohammad Prince,test@gmail.com,880,1825731327,0,0,0,0,NULL,11-23-22 10:09,11-23-22 11:15
1,1,Mohammad Prince,test@gmail.com,880,1825731327,0,0,0,0,NULL,11-24-22 10:09,11-24-22 11:15
1,1,Mohammad Prince,test@gmail.com,880,1825731327,0,0,0,0,NULL,11-25-22 10:09,11-25-22 11:15
1,1,Mohammad Prince,test@gmail.com,880,1825731327,0,0,0,0,NULL,11-26-22 10:09,11-26-22 11:15
1,1,Mohammad Prince,test@gmail.com,880,1825731327,0,0,0,0,NULL,11-27-22 10:09,11-27-22 11:15
1,1,Mohammad Prince,test@gmail.com,880,1825731327,0,0,0,0,NULL,11-28-22 10:09,11-28-22 11:15
1,1,Mohammad Prince,test@gmail.com,880,1825731327,0,0,0,0,NULL,11-29-22 10:09,11-29-22 11:15
1,1,Mohammad Prince,test@gmail.com,880,1825731327,0,0,0,0,NULL,11-30-22 10:09,11-30-22 11:15
1,1,Mohammad Prince,test@gmail.com,880,1825731327,0,0,0,0,NULL,12-01-22 10:09,12-01-22 11:15
1,1,Mohammad Prince,test@gmail.com,880,1825731327,0,0,0,0,NULL,12-02-22 10:09,12-02-22 11:15
1,1,Mohammad Prince,test@gmail.com,880,1825731327,0,0,0,0,NULL,12-03-22 10:09,12-03-22 11:15
1,1,Mohammad Prince,test@gmail.com,880,1825731327,0,0,0,0,NULL,12-04-22 10:09,12-04-22 11:15
1,1,Mohammad Prince,test@gmail.com,880,1825731327,0,0,0,0,NULL,12-05-22 10:09,12-05-22 11:15
1,1,Mohammad Prince,test@gmail.com,880,1825731327,0,0,0,0,NULL,12-06-22 10:09,12-06-22 11:15
1,1,Mohammad Prince,test@gmail.com,880,1825731327,0,0,0,0,NULL,12-07-22 10:09,12-07-22 11:15
1,1,Mohammad Prince,test@gmail.com,880,1825731327,0,0,0,0,NULL,12-08-22 10:09,12-08-22 11:15
1,1,Mohammad Prince,test@gmail.com,880,1825731327,0,0,0,0,NULL,12-09-22 10:09,12-09-22 11:15
1,1,Mohammad Prince,test@gmail.com,880,1825731327,0,0,0,0,NULL,12-10-22 10:09,12-10-22 11:15
1,1,Mohammad Prince,test@gmail.com,880,1825731327,0,0,0,0,NULL,12-11-22 10:09,12-11-22 11:15
1,1,Mohammad Prince,test@gmail.com,880,1825731327,0,0,0,0,NULL,12-12-22 10:09,12-12-22 11:15
1,1,Mohammad Prince,test@gmail.com,880,1825731327,0,0,0,0,NULL,12-13-22 10:09,12-13-22 11:15
1,1,Mohammad Prince,test@gmail.com,880,1825731327,0,0,0,0,NULL,12-14-22 10:09,12-14-22 11:15
1,1,Mohammad Prince,test@gmail.com,880,1825731327,0,0,0,0,NULL,12-15-22 10:09,12-15-22 11:15
1,1,Mohammad Prince,test@gmail.com,880,1825731327,0,0,0,0,NULL,12-16-22 10:09,12-16-22 11:15
1,1,Mohammad Prince,test@gmail.com,880,1825731327,0,0,0,0,NULL,12-17-22 10:09,12-17-22 11:15
1,1,Mohammad Prince,test@gmail.com,880,1825731327,0,0,0,0,NULL,12-18-22 10:09,12-18-22 11:15
1,1,Mohammad Prince,test@gmail.com,880,1825731327,0,0,0,0,NULL,12-19-22 10:09,12-19-22 11:15
1,1,Mohammad Prince,test@gmail.com,880,1825731327,0,0,0,0,NULL,12-20-22 10:09,12-20-22 11:15
1,1,Mohammad Prince,test@gmail.com,880,1825731327,0,0,0,0,NULL,12-21-22 10:09,12-21-22 11:15
1,1,Mohammad Prince,test@gmail.com,880,1825731327,0,0,0,0,NULL,12-22-22 10:09,12-22-22 11:15
1,1,Mohammad Prince,test@gmail.com,880,1825731327,0,0,0,0,NULL,12-23-22 10:09,12-23-22 11:15
1,1,Mohammad Prince,test@gmail.com,880,1825731327,0,0,0,0,NULL,12-24-22 10:09,12-24-22 11:15
1,1,Mohammad Prince,test@gmail.com,880,1825731327,0,0,0,0,NULL,12-25-22 10:09,12-25-22 11:15
1,1,Mohammad Prince,test@gmail.com,880,1825731327,0,0,0,0,NULL,12-26-22 10:09,12-26-22 11:15
1,1,Mohammad Prince,test@gmail.com,880,1825731327,0,0,0,0,NULL,12-27-22 10:09,12-27-22 11:15
1,1,Mohammad Prince,test@gmail.com,880,1825731327,0,0,0,0,NULL,12-28-22 10:09,12-28-22 11:15
1,1,Mohammad Prince,test@gmail.com,880,1825731327,0,0,0,0,NULL,12-29-22 10:09,12-29-22 11:15
1,1,Mohammad Prince,test@gmail.com,880,1825731327,0,0,0,0,NULL,12-30-22 10:09,12-30-22 11:15
1,1,Mohammad Prince,test@gmail.com,880,1825731327,0,0,0,0,NULL,12-31-22 10:09,12-31-22 11:15
1,1,Mohammad Prince,test@gmail.com,880,1825731327,0,0,0,0,NULL,01-01-23 10:09,01-01-23 11:15
1,1,Mohammad Prince,test@gmail.com,880,1825731327,0,0,0,0,NULL,01-02-23 10:09,01-02-23 11:15
1,1,Mohammad Prince,test@gmail.com,880,1825731327,0,0,0,0,NULL,01-03-23 10:09,01-03-23 11:15
1,1,Mohammad Prince,test@gmail.com,880,1825731327,0,0,0,0,NULL,01-04-23 10:09,01-04-23 11:15
1,1,Mohammad Prince,test@gmail.com,880,1825731327,0,0,0,0,NULL,01-05-23 10:09,01-05-23 11:15
1,1,Mohammad Prince,test@gmail.com,880,1825731327,0,0,0,0,NULL,01-06-23 10:09,01-06-23 11:15
1,1,Mohammad Prince,test@gmail.com,880,1825731327,0,0,0,0,NULL,01-07-23 10:09,01-07-23 11:15
1,1,Mohammad Prince,test@gmail.com,880,1825731327,0,0,0,0,NULL,01-08-23 10:09,01-08-23 11:15
1,1,Mohammad Prince,test@gmail.com,880,1825731327,0,0,0,0,NULL,01-09-23 10:09,01-09-23 11:15
1,1,Mohammad Prince,test@gmail.com,880,1825731327,0,0,0,0,NULL,01-10-23 10:09,01-10-23 11:15
1,1,Mohammad Prince,test@gmail.com,880,1825731327,0,0,0,0,NULL,01-11-23 10:09,01-11-23 11:15
1,1,Mohammad Prince,test@gmail.com,880,1825731327,0,0,0,0,NULL,01-12-23 10:09,01-12-23 11:15
1,1,Mohammad Prince,test@gmail.com,880,1825731327,0,0,0,0,NULL,01-13-23 10:09,01-13-23 11:15
1,1,Mohammad Prince,test@gmail.com,880,1825731327,0,0,0,0,NULL,01-14-23 10:09,01-14-23 11:15
1,1,Mohammad Prince,test@gmail.com,880,1825731327,0,0,0,0,NULL,01-15-23 10:09,01-15-23 11:15
1,1,Mohammad Prince,test@gmail.com,880,1825731327,0,0,0,0,NULL,01-16-23 10:09,01-16-23 11:15
1,1,Mohammad Prince,test@gmail.com,880,1825731327,0,0,0,0,NULL,01-17-23 10:09,01-17-23 11:15
1,1,Mohammad Prince,test@gmail.com,880,1825731327,0,0,0,0,NULL,01-18-23 10:09,01-18-23 11:15
1,1,Mohammad Prince,test@gmail.com,880,1825731327,0,0,0,0,NULL,01-19-23 10:09,01-19-23 11:15
1,1,Mohammad Prince,test@gmail.com,880,1825731327,0,0,0,0,NULL,01-20-23 10:09,01-20-23 11:15
1,1,Mohammad Prince,test@gmail.com,880,1825731327,0,0,0,0,NULL,01-21-23 10:09,01-21-23 11:15
1,1,Mohammad Prince,test@gmail.com,880,1825731327,0,0,0,0,NULL,01-22-23 10:09,01-22-23 11:15
1,1,Mohammad Prince,test@gmail.com,880,1825731327,0,0,0,0,NULL,01-23-23 10:09,01-23-23 11:15
1,1,Mohammad Prince,test@gmail.com,880,1825731327,0,0,0,0,NULL,01-24-23 10:09,01-24-23 11:15
1,1,Mohammad Prince,test@gmail.com,880,1825731327,0,0,0,0,NULL,01-25-23 10:09,01-25-23 11:15
1,1,Mohammad Prince,test@gmail.com,880,1825731327,0,0,0,0,NULL,01-26-23 10:09,01-26-23 11:15
1,1,Mohammad Prince,test@gmail.com,880,1825731327,0,0,0,0,NULL,01-27-23 10:09,01-27-23 11:15
1,1,Mohammad Prince,test@gmail.com,880,1825731327,0,0,0,0,NULL,01-28-23 10:09,01-28-23 11:15
1,1,Mohammad Prince,test@gmail.com,880,1825731327,0,0,0,0,NULL,01-29-23 10:09,01-29-23 11:15
1,1,Mohammad Prince,test@gmail.com,880,1825731327,0,0,0,0,NULL,01-30-23 10:09,01-30-23 11:15
1,1,Mohammad Prince,test@gmail.com,880,1825731327,0,0,0,0,NULL,01-31-23 10:09,01-31-23 11:15
1,1,Mohammad Prince,test@gmail.com,880,1825731327,0,0,0,0,NULL,02-01-23 10:09,02-01-23 11:15
1,1,Mohammad Prince,test@gmail.com,880,1825731327,0,0,0,0,NULL,02-02-23 10:09,02-02-23 11:15
1,1,Mohammad Prince,test@gmail.com,880,1825731327,0,0,0,0,NULL,02-03-23 10:09,02-03-23 11:15
1,1,Mohammad Prince,test@gmail.com,880,1825731327,0,0,0,0,NULL,02-04-23 10:09,02-04-23 11:15
1,1,Mohammad Prince,test@gmail.com,880,1825731327,0,0,0,0,NULL,02-05-23 10:09,02-05-23 11:15
1,1,Mohammad Prince,test@gmail.com,880,1825731327,0,0,0,0,NULL,02-06-23 10:09,02-06-23 11:15
1,1,Mohammad Prince,test@gmail.com,880,1825731327,0,0,0,0,NULL,02-07-23 10:09,02-07-23 11:15
1,1,Mohammad Prince,test@gmail.com,880,1825731327,0,0,0,0,NULL,02-08-23 10:09,02-08-23 11:15
1,1,Mohammad Prince,test@gmail.com,880,1825731327,0,0,0,0,NULL,02-09-23 10:09,02-09-23 11:15
1,1,Mohammad Prince,test@gmail.com,880,1825731327,0,0,0,0,NULL,02-10-23 10:09,02-10-23 11:15
1,1,Mohammad Prince,test@gmail.com,880,1825731327,0,0,0,0,NULL,02-11-23 10:09,02-11-23 11:15
1,1,Mohammad Prince,test@gmail.com,880,1825731327,0,0,0,0,NULL,02-12-23 10:09,02-12-23 11:15
1,1,Mohammad Prince,test@gmail.com,880,1825731327,0,0,0,0,NULL,02-13-23 10:09,02-13-23 11:15
1,1,Mohammad Prince,test@gmail.com,880,1825731327,0,0,0,0,NULL,02-14-23 10:09,02-14-23 11:15
1,1,Mohammad Prince,test@gmail.com,880,1825731327,0,0,0,0,NULL,02-15-23 10:09,02-15-23 11:15
1,1,Mohammad Prince,test@gmail.com,880,1825731327,0,0,0,0,NULL,02-16-23 10:09,02-16-23 11:15
1,1,Mohammad Prince,test@gmail.com,880,1825731327,0,0,0,0,NULL,02-17-23 10:09,02-17-23 11:15
1,1,Mohammad Prince,test@gmail.com,880,1825731327,0,0,0,0,NULL,02-18-23 10:09,02-18-23 11:15
1,1,Mohammad Prince,test@gmail.com,880,1825731327,0,0,0,0,NULL,02-19-23 10:09,02-19-23 11:15
1,1,Mohammad Prince,test@gmail.com,880,1825731327,0,0,0,0,NULL,02-20-23 10:09,02-20-23 11:15
1,1,Mohammad Prince,test@gmail.com,880,1825731327,0,0,0,0,NULL,02-21-23 10:09,02-21-23 11:15
1,1,Mohammad Prince,test@gmail.com,880,1825731327,0,0,0,0,NULL,02-22-23 10:09,02-22-23 11:15
1,1,Mohammad Prince,test@gmail.com,880,1825731327,0,0,0,0,NULL,02-23-23 10:09,02-23-23 11:15
1,1,Mohammad Prince,test@gmail.com,880,1825731327,0,0,0,0,NULL,02-24-23 10:09,02-24-23 11:15
1,1,Mohammad Prince,test@gmail.com,880,1825731327,0,0,0,0,NULL,02-25-23 10:09,02-25-23 11:15
1,1,Mohammad Prince,test@gmail.com,880,1825731327,0,0,0,0,NULL,02-26-23 10:09,02-26-23 11:15
1,1,Mohammad Prince,test@gmail.com,880,1825731327,0,0,0,0,NULL,02-27-23 10:09,02-27-23 11:15
1,1,Mohammad Prince,test@gmail.com,880,1825731327,0,0,0,0,NULL,02-28-23 10:09,02-28-23 11:15
1,1,Mohammad Prince,test@gmail.com,880,1825731327,0,0,0,0,NULL,03-01-23 10:09,03-01-23 11:15
1,1,Mohammad Prince,test@gmail.com,880,1825731327,0,0,0,0,NULL,03-02-23 10:09,03-02-23 11:15
1,1,Mohammad Prince,test@gmail.com,880,1825731327,0,0,0,0,NULL,03-03-23 10:09,03-03-23 11:15
1,1,Mohammad Prince,test@gmail.com,880,1825731327,0,0,0,0,NULL,03-04-23 10:09,03-04-23 11:15
1,1,Mohammad Prince,test@gmail.com,880,1825731327,0,0,0,0,NULL,03-05-23 10:09,03-05-23 11:15
1,1,Mohammad Prince,test@gmail.com,880,1825731327,0,0,0,0,NULL,03-06-23 10:09,03-06-23 11:15
1,1,Mohammad Prince,test@gmail.com,880,1825731327,0,0,0,0,NULL,03-07-23 10:09,03-07-23 11:15
1,1,Mohammad Prince,test@gmail.com,880,1825731327,0,0,0,0,NULL,03-08-23 10:09,03-08-23 11:15
1,1,Mohammad Prince,test@gmail.com,880,1825731327,0,0,0,0,NULL,03-09-23 10:09,03-09-23 11:15
1,1,Mohammad Prince,test@gmail.com,880,1825731327,0,0,0,0,NULL,03-10-23 10:09,03-10-23 11:15
1,1,Mohammad Prince,test@gmail.com,880,1825731327,0,0,0,0,NULL,03-11-23 10:09,03-11-23 11:15
1,1,Mohammad Prince,test@gmail.com,880,1825731327,0,0,0,0,NULL,03-12-23 10:09,03-12-23 11:15
1,1,Mohammad Prince,test@gmail.com,880,1825731327,0,0,0,0,NULL,03-13-23 10:09,03-13-23 11:15
1,1,Mohammad Prince,test@gmail.com,880,1825731327,0,0,0,0,NULL,03-14-23 10:09,03-14-23 11:15
1,1,Mohammad Prince,test@gmail.com,880,1825731327,0,0,0,0,NULL,03-15-23 10:09,03-15-23 11:15
1,1,Mohammad Prince,test@gmail.com,880,1825731327,0,0,0,0,NULL,03-16-23 10:09,03-16-23 11:15
1,1,Mohammad Prince,test@gmail.com,880,1825731327,0,0,0,0,NULL,03-17-23 10:09,03-17-23 11:15
1,1,Mohammad Prince,test@gmail.com,880,1825731327,0,0,0,0,NULL,03-18-23 10:09,03-18-23 11:15
1,1,Mohammad Prince,test@gmail.com,880,1825731327,0,0,0,0,NULL,03-19-23 10:09,03-19-23 11:15
1,1,Mohammad Prince,test@gmail.com,880,1825731327,0,0,0,0,NULL,03-20-23 10:09,03-20-23 11:15
1,1,Mohammad Prince,test@gmail.com,880,1825731327,0,0,0,0,NULL,03-21-23 10:09,03-21-23 11:15
1,1,Mohammad Prince,test@gmail.com,880,1825731327,0,0,0,0,NULL,03-22-23 10:09,03-22-23 11:15
1,1,Mohammad Prince,test@gmail.com,880,1825731327,0,0,0,0,NULL,03-23-23 10:09,03-23-23 11:15
1,1,Mohammad Prince,test@gmail.com,880,1825731327,0,0,0,0,NULL,03-24-23 10:09,03-24-23 11:15
1,1,Mohammad Prince,test@gmail.com,880,1825731327,0,0,0,0,NULL,03-25-23 10:09,03-25-23 11:15
1,1,Mohammad Prince,test@gmail.com,880,1825731327,0,0,0,0,NULL,03-26-23 10:09,03-26-23 11:15
1,1,Mohammad Prince,test@gmail.com,880,1825731327,0,0,0,0,NULL,03-27-23 10:09,03-27-23 11:15
1,1,Mohammad Prince,test@gmail.com,880,1825731327,0,0,0,0,NULL,03-28-23 10:09,03-28-23 11:15
1,1,Mohammad Prince,test@gmail.com,880,1825731327,0,0,0,0,NULL,03-29-23 10:09,03-29-23 11:15
1,1,Mohammad Prince,test@gmail.com,880,1825731327,0,0,0,0,NULL,03-30-23 10:09,03-30-23 11:15
1,1,Mohammad Prince,test@gmail.com,880,1825731327,0,0,0,0,NULL,03-31-23 10:09,03-31-23 11:15
1,1,Mohammad Prince,test@gmail.com,880,1825731327,0,0,0,0,NULL,04-01-23 10:09,04-01-23 11:15
1,1,Mohammad Prince,test@gmail.com,880,1825731327,0,0,0,0,NULL,04-02-23 10:09,04-02-23 11:15
1,1,Mohammad Prince,test@gmail.com,880,1825731327,0,0,0,0,NULL,04-03-23 10:09,04-03-23 11:15
1,1,Mohammad Prince,test@gmail.com,880,1825731327,0,0,0,0,NULL,04-04-23 10:09,04-04-23 11:15
1,1,Mohammad Prince,test@gmail.com,880,1825731327,0,0,0,0,NULL,04-05-23 10:09,04-05-23 11:15
1,1,Mohammad Prince,test@gmail.com,880,1825731327,0,0,0,0,NULL,04-06-23 10:09,04-06-23 11:15
1,1,Mohammad Prince,test@gmail.com,880,1825731327,0,0,0,0,NULL,04-07-23 10:09,04-07-23 11:15
1,1,Mohammad Prince,test@gmail.com,880,1825731327,0,0,0,0,NULL,04-08-23 10:09,04-08-23 11:15
1,1,Mohammad Prince,test@gmail.com,880,1825731327,0,0,0,0,NULL,04-09-23 10:09,04-09-23 11:15
1,1,Mohammad Prince,test@gmail.com,880,1825731327,0,0,0,0,NULL,04-10-23 10:09,04-10-23 11:15
1,1,Mohammad Prince,test@gmail.com,880,1825731327,0,0,0,0,NULL,04-11-23 10:09,04-11-23 11:15
1,1,Mohammad Prince,test@gmail.com,880,1825731327,0,0,0,0,NULL,04-12-23 10:09,04-12-23 11:15
1,1,Mohammad Prince,test@gmail.com,880,1825731327,0,0,0,0,NULL,04-13-23 10:09,04-13-23 11:15
1,1,Mohammad Prince,test@gmail.com,880,1825731327,0,0,0,0,NULL,04-14-23 10:09,04-14-23 11:15
1,1,Mohammad Prince,test@gmail.com,880,1825731327,0,0,0,0,NULL,04-15-23 10:09,04-15-23 11:15
1,1,Mohammad Prince,test@gmail.com,880,1825731327,0,0,0,0,NULL,04-16-23 10:09,04-16-23 11:15
1,1,Mohammad Prince,test@gmail.com,880,1825731327,0,0,0,0,NULL,04-17-23 10:09,04-17-23 11:15
1,1,Mohammad Prince,test@gmail.com,880,1825731327,0,0,0,0,NULL,04-18-23 10:09,04-18-23 11:15
1,1,Mohammad Prince,test@gmail.com,880,1825731327,0,0,0,0,NULL,04-19-23 10:09,04-19-23 11:15
1,1,Mohammad Prince,test@gmail.com,880,1825731327,0,0,0,0,NULL,04-20-23 10:09,04-20-23 11:15
1,1,Mohammad Prince,test@gmail.com,880,1825731327,0,0,0,0,NULL,04-21-23 10:09,04-21-23 11:15
1,1,Mohammad Prince,test@gmail.com,880,1825731327,0,0,0,0,NULL,04-22-23 10:09,04-22-23 11:15
1,1,Mohammad Prince,test@gmail.com,880,1825731327,0,0,0,0,NULL,04-23-23 10:09,04-23-23 11:15
1,1,Mohammad Prince,test@gmail.com,880,1825731327,0,0,0,0,NULL,04-24-23 10:09,04-24-23 11:15
1,1,Mohammad Prince,test@gmail.com,880,1825731327,0,0,0,0,NULL,04-25-23 10:09,04-25-23 11:15
1,1,Mohammad Prince,test@gmail.com,880,1825731327,0,0,0,0,NULL,04-26-23 10:09,04-26-23 11:15
1,1,Mohammad Prince,test@gmail.com,880,1825731327,0,0,0,0,NULL,04-27-23 10:09,04-27-23 11:15
1,1,Mohammad Prince,test@gmail.com,880,1825731327,0,0,0,0,NULL,04-28-23 10:09,04-28-23 11:15
1,1,Mohammad Prince,test@gmail.com,880,1825731327,0,0,0,0,NULL,04-29-23 10:09,04-29-23 11:15
1,1,Mohammad Prince,test@gmail.com,880,1825731327,0,0,0,0,NULL,04-30-23 10:09,04-30-23 11:15
1,1,Mohammad Prince,test@gmail.com,880,1825731327,0,0,0,0,NULL,05-01-23 10:09,05-01-23 11:15
1,1,Mohammad Prince,test@gmail.com,880,1825731327,0,0,0,0,NULL,05-02-23 10:09,05-02-23 11:15
1,1,Mohammad Prince,test@gmail.com,880,1825731327,0,0,0,0,NULL,05-03-23 10:09,05-03-23 11:15
1,1,Mohammad Prince,test@gmail.com,880,1825731327,0,0,0,0,NULL,05-04-23 10:09,05-04-23 11:15
1,1,Mohammad Prince,test@gmail.com,880,1825731327,0,0,0,0,NULL,05-05-23 10:09,05-05-23 11:15
1,1,Mohammad Prince,test@gmail.com,880,1825731327,0,0,0,0,NULL,05-06-23 10:09,05-06-23 11:15
1,1,Mohammad Prince,test@gmail.com,880,1825731327,0,0,0,0,NULL,05-07-23 10:09,05-07-23 11:15
1,1,Mohammad Prince,test@gmail.com,880,1825731327,0,0,0,0,NULL,05-08-23 10:09,05-08-23 11:15
1,1,Mohammad Prince,test@gmail.com,880,1825731327,0,0,0,0,NULL,05-09-23 10:09,05-09-23 11:15
1,1,Mohammad Prince,test@gmail.com,880,1825731327,0,0,0,0,NULL,05-10-23 10:09,05-10-23 11:15
1,1,Mohammad Prince,test@gmail.com,880,1825731327,0,0,0,0,NULL,05-11-23 10:09,05-11-23 11:15
1,1,Mohammad Prince,test@gmail.com,880,1825731327,0,0,0,0,NULL,05-12-23 10:09,05-12-23 11:15
1,1,Mohammad Prince,test@gmail.com,880,1825731327,0,0,0,0,NULL,05-13-23 10:09,05-13-23 11:15
1,1,Mohammad Prince,test@gmail.com,880,1825731327,0,0,0,0,NULL,05-14-23 10:09,05-14-23 11:15
1,1,Mohammad Prince,test@gmail.com,880,1825731327,0,0,0,0,NULL,05-15-23 10:09,05-15-23 11:15
1,1,Mohammad Prince,test@gmail.com,880,1825731327,0,0,0,0,NULL,05-16-23 10:09,05-16-23 11:15
1,1,Mohammad Prince,test@gmail.com,880,1825731327,0,0,0,0,NULL,05-17-23 10:09,05-17-23 11:15
1,1,Mohammad Prince,test@gmail.com,880,1825731327,0,0,0,0,NULL,05-18-23 10:09,05-18-23 11:15
1,1,Mohammad Prince,test@gmail.com,880,1825731327,0,0,0,0,NULL,05-19-23 10:09,05-19-23 11:15
1,1,Mohammad Prince,test@gmail.com,880,1825731327,0,0,0,0,NULL,05-20-23 10:09,05-20-23 11:15
1,1,Mohammad Prince,test@gmail.com,880,1825731327,0,0,0,0,NULL,05-21-23 10:09,05-21-23 11:15
1,1,Mohammad Prince,test@gmail.com,880,1825731327,0,0,0,0,NULL,05-22-23 10:09,05-22-23 11:15
1,1,Mohammad Prince,test@gmail.com,880,1825731327,0,0,0,0,NULL,05-23-23 10:09,05-23-23 11:15
1,1,Mohammad Prince,test@gmail.com,880,1825731327,0,0,0,0,NULL,05-24-23 10:09,05-24-23 11:15
1,1,Mohammad Prince,test@gmail.com,880,1825731327,0,0,0,0,NULL,05-25-23 10:09,05-25-23 11:15
1,1,Mohammad Prince,test@gmail.com,880,1825731327,0,0,0,0,NULL,05-26-23 10:09,05-26-23 11:15
1,1,Mohammad Prince,test@gmail.com,880,1825731327,0,0,0,0,NULL,05-27-23 10:09,05-27-23 11:15
1,1,Mohammad Prince,test@gmail.com,880,1825731327,0,0,0,0,NULL,05-28-23 10:09,05-28-23 11:15
1,1,Mohammad Prince,test@gmail.com,880,1825731327,0,0,0,0,NULL,05-29-23 10:09,05-29-23 11:15
1,1,Mohammad Prince,test@gmail.com,880,1825731327,0,0,0,0,NULL,05-30-23 10:09,05-30-23 11:15
1,1,Mohammad Prince,test@gmail.com,880,1825731327,0,0,0,0,NULL,05-31-23 10:09,05-31-23 11:15
1,1,Mohammad Prince,test@gmail.com,880,1825731327,0,0,0,0,NULL,06-01-23 10:09,06-01-23 11:15
1,1,Mohammad Prince,test@gmail.com,880,1825731327,0,0,0,0,NULL,06-02-23 10:09,06-02-23 11:15
1,1,Mohammad Prince,test@gmail.com,880,1825731327,0,0,0,0,NULL,06-03-23 10:09,06-03-23 11:15
1,1,Mohammad Prince,test@gmail.com,880,1825731327,0,0,0,0,NULL,06-04-23 10:09,06-04-23 11:15
1,1,Mohammad Prince,test@gmail.com,880,1825731327,0,0,0,0,NULL,06-05-23 10:09,06-05-23 11:15
1,1,Mohammad Prince,test@gmail.com,880,1825731327,0,0,0,0,NULL,06-06-23 10:09,06-06-23 11:15
1,1,Mohammad Prince,test@gmail.com,880,1825731327,0,0,0,0,NULL,06-07-23 10:09,06-07-23 11:15
1,1,Mohammad Prince,test@gmail.com,880,1825731327,0,0,0,0,NULL,06-08-23 10:09,06-08-23 11:15
1,1,Mohammad Prince,test@gmail.com,880,1825731327,0,0,0,0,NULL,06-09-23 10:09,06-09-23 11:15
1,1,Mohammad Prince,test@gmail.com,880,1825731327,0,0,0,0,NULL,06-10-23 10:09,06-10-23 11:15
1,1,Mohammad Prince,test@gmail.com,880,1825731327,0,0,0,0,NULL,06-11-23 10:09,06-11-23 11:15
1,1,Mohammad Prince,test@gmail.com,880,1825731327,0,0,0,0,NULL,06-12-23 10:09,06-12-23 11:15
1,1,Mohammad Prince,test@gmail.com,880,1825731327,0,0,0,0,NULL,06-13-23 10:09,06-13-23 11:15
1,1,Mohammad Prince,test@gmail.com,880,1825731327,0,0,0,0,NULL,06-14-23 10:09,06-14-23 11:15
1,1,Mohammad Prince,test@gmail.com,880,1825731327,0,0,0,0,NULL,06-15-23 10:09,06-15-23 11:15
1,1,Mohammad Prince,test@gmail.com,880,1825731327,0,0,0,0,NULL,06-16-23 10:09,06-16-23 11:15
1,1,Mohammad Prince,test@gmail.com,880,1825731327,0,0,0,0,NULL,06-17-23 10:09,06-17-23 11:15
1,1,Mohammad Prince,test@gmail.com,880,1825731327,0,0,0,0,NULL,06-18-23 10:09,06-18-23 11:15
1,1,Mohammad Prince,test@gmail.com,880,1825731327,0,0,0,0,NULL,06-19-23 10:09,06-19-23 11:15
1,1,Mohammad Prince,test@gmail.com,880,1825731327,0,0,0,0,NULL,06-20-23 10:09,06-20-23 11:15
1,1,Mohammad Prince,test@gmail.com,880,1825731327,0,0,0,0,NULL,06-21-23 10:09,06-21-23 11:15
1,1,Mohammad Prince,test@gmail.com,880,1825731327,0,0,0,0,NULL,06-22-23 10:09,06-22-23 11:15
1,1,Mohammad Prince,test@gmail.com,880,1825731327,0,0,0,0,NULL,06-23-23 10:09,06-23-23 11:15
1,1,Mohammad Prince,test@gmail.com,880,1825731327,0,0,0,0,NULL,06-24-23 10:09,06-24-23 11:15
1,1,Mohammad Prince,test@gmail.com,880,1825731327,0,0,0,0,NULL,06-25-23 10:09,06-25-23 11:15
1,1,Mohammad Prince,test@gmail.com,880,1825731327,0,0,0,0,NULL,06-26-23 10:09,06-26-23 11:15
1,1,Mohammad Prince,test@gmail.com,880,1825731327,0,0,0,0,NULL,06-27-23 10:09,06-27-23 11:15
1,1,Mohammad Prince,test@gmail.com,880,1825731327,0,0,0,0,NULL,06-28-23 10:09,06-28-23 11:15
1,1,Mohammad Prince,test@gmail.com,880,1825731327,0,0,0,0,NULL,06-29-23 10:09,06-29-23 11:15
1,1,Mohammad Prince,test@gmail.com,880,1825731327,0,0,0,0,NULL,06-30-23 10:09,06-30-23 11:15
1,1,Mohammad Prince,test@gmail.com,880,1825731327,0,0,0,0,NULL,07-01-23 10:09,07-01-23 11:15
1,1,Mohammad Prince,test@gmail.com,880,1825731327,0,0,0,0,NULL,07-02-23 10:09,07-02-23 11:15
1,1,Mohammad Prince,test@gmail.com,880,1825731327,0,0,0,0,NULL,07-03-23 10:09,07-03-23 11:15
1,1,Mohammad Prince,test@gmail.com,880,1825731327,0,0,0,0,NULL,07-04-23 10:09,07-04-23 11:15
1,1,Mohammad Prince,test@gmail.com,880,1825731327,0,0,0,0,NULL,07-05-23 10:09,07-05-23 11:15
1,1,Mohammad Prince,test@gmail.com,880,1825731327,0,0,0,0,NULL,07-06-23 10:09,07-06-23 11:15
1,1,Mohammad Prince,test@gmail.com,880,1825731327,0,0,0,0,NULL,07-07-23 10:09,07-07-23 11:15
1,1,Mohammad Prince,test@gmail.com,880,1825731327,0,0,0,0,NULL,07-08-23 10:09,07-08-23 11:15
1,1,Mohammad Prince,test@gmail.com,880,1825731327,0,0,0,0,NULL,07-09-23 10:09,07-09-23 11:15
1,1,Mohammad Prince,test@gmail.com,880,1825731327,0,0,0,0,NULL,07-10-23 10:09,07-10-23 11:15
1,1,Mohammad Prince,test@gmail.com,880,1825731327,0,0,0,0,NULL,07-11-23 10:09,07-11-23 11:15
1,1,Mohammad Prince,test@gmail.com,880,1825731327,0,0,0,0,NULL,07-12-23 10:09,07-12-23 11:15
1,1,Mohammad Prince,test@gmail.com,880,1825731327,0,0,0,0,NULL,07-13-23 10:09,07-13-23 11:15
1,1,Mohammad Prince,test@gmail.com,880,1825731327,0,0,0,0,NULL,07-14-23 10:09,07-14-23 11:15
1,1,Mohammad Prince,test@gmail.com,880,1825731327,0,0,0,0,NULL,07-15-23 10:09,07-15-23 11:15
1,1,Mohammad Prince,test@gmail.com,880,1825731327,0,0,0,0,NULL,07-16-23 10:09,07-16-23 11:15
1,1,Mohammad Prince,test@gmail.com,880,1825731327,0,0,0,0,NULL,07-17-23 10:09,07-17-23 11:15
1,1,Mohammad Prince,test@gmail.com,880,1825731327,0,0,0,0,NULL,07-18-23 10:09,07-18-23 11:15
1,1,Mohammad Prince,test@gmail.com,880,1825731327,0,0,0,0,NULL,07-19-23 10:09,07-19-23 11:15
1,1,Mohammad Prince,test@gmail.com,880,1825731327,0,0,0,0,NULL,07-20-23 10:09,07-20-23 11:15
1,1,Mohammad Prince,test@gmail.com,880,1825731327,0,0,0,0,NULL,07-21-23 10:09,07-21-23 11:15
1,1,Mohammad Prince,test@gmail.com,880,1825731327,0,0,0,0,NULL,07-22-23 10:09,07-22-23 11:15
1,1,Mohammad Prince,test@gmail.com,880,1825731327,0,0,0,0,NULL,07-23-23 10:09,07-23-23 11:15
1,1,Mohammad Prince,test@gmail.com,880,1825731327,0,0,0,0,NULL,07-24-23 10:09,07-24-23 11:15
1,1,Mohammad Prince,test@gmail.com,880,1825731327,0,0,0,0,NULL,07-25-23 10:09,07-25-23 11:15
1,1,Mohammad Prince,test@gmail.com,880,1825731327,0,0,0,0,NULL,07-26-23 10:09,07-26-23 11:15
1,1,Mohammad Prince,test@gmail.com,880,1825731327,0,0,0,0,NULL,07-27-23 10:09,07-27-23 11:15
1,1,Mohammad Prince,test@gmail.com,880,1825731327,0,0,0,0,NULL,07-28-23 10:09,07-28-23 11:15
1,1,Mohammad Prince,test@gmail.com,880,1825731327,0,0,0,0,NULL,07-29-23 10:09,07-29-23 11:15
1,1,Mohammad Prince,test@gmail.com,880,1825731327,0,0,0,0,NULL,07-30-23 10:09,07-30-23 11:15
1,1,Mohammad Prince,test@gmail.com,880,1825731327,0,0,0,0,NULL,07-31-23 10:09,07-31-23 11:15
1,1,Mohammad Prince,test@gmail.com,880,1825731327,0,0,0,0,NULL,08-01-23 10:09,08-01-23 11:15
1,1,Mohammad Prince,test@gmail.com,880,1825731327,0,0,0,0,NULL,08-02-23 10:09,08-02-23 11:15
1,1,Mohammad Prince,test@gmail.com,880,1825731327,0,0,0,0,NULL,08-03-23 10:09,08-03-23 11:15
1,1,Mohammad Prince,test@gmail.com,880,1825731327,0,0,0,0,NULL,08-04-23 10:09,08-04-23 11:15
1,1,Mohammad Prince,test@gmail.com,880,1825731327,0,0,0,0,NULL,08-05-23 10:09,08-05-23 11:15
1,1,Mohammad Prince,test@gmail.com,880,1825731327,0,0,0,0,NULL,08-06-23 10:09,08-06-23 11:15
1,1,Mohammad Prince,test@gmail.com,880,1825731327,0,0,0,0,NULL,08-07-23 10:09,08-07-23 11:15
1,1,Mohammad Prince,test@gmail.com,880,1825731327,0,0,0,0,NULL,08-08-23 10:09,08-08-23 11:15
1,1,Mohammad Prince,test@gmail.com,880,1825731327,0,0,0,0,NULL,08-09-23 10:09,08-09-23 11:15
1,1,Mohammad Prince,test@gmail.com,880,1825731327,0,0,0,0,NULL,08-10-23 10:09,08-10-23 11:15
1,1,Mohammad Prince,test@gmail.com,880,1825731327,0,0,0,0,NULL,08-11-23 10:09,08-11-23 11:15
1,1,Mohammad Prince,test@gmail.com,880,1825731327,0,0,0,0,NULL,08-12-23 10:09,08-12-23 11:15
1,1,Mohammad Prince,test@gmail.com,880,1825731327,0,0,0,0,NULL,08-13-23 10:09,08-13-23 11:15
1,1,Mohammad Prince,test@gmail.com,880,1825731327,0,0,0,0,NULL,08-14-23 10:09,08-14-23 11:15
1,1,Mohammad Prince,test@gmail.com,880,1825731327,0,0,0,0,NULL,08-15-23 10:09,08-15-23 11:15
1,1,Mohammad Prince,test@gmail.com,880,1825731327,0,0,0,0,NULL,08-16-23 10:09,08-16-23 11:15
1,1,Mohammad Prince,test@gmail.com,880,1825731327,0,0,0,0,NULL,08-17-23 10:09,08-17-23 11:15
1,1,Mohammad Prince,test@gmail.com,880,1825731327,0,0,0,0,NULL,08-18-23 10:09,08-18-23 11:15
1,1,Mohammad Prince,test@gmail.com,880,1825731327,0,0,0,0,NULL,08-19-23 10:09,08-19-23 11:15
1,1,Mohammad Prince,test@gmail.com,880,1825731327,0,0,0,0,NULL,08-20-23 10:09,08-20-23 11:15
1,1,Mohammad Prince,test@gmail.com,880,1825731327,0,0,0,0,NULL,08-21-23 10:09,08-21-23 11:15
1,1,Mohammad Prince,test@gmail.com,880,1825731327,0,0,0,0,NULL,08-22-23 10:09,08-22-23 11:15
1,1,Mohammad Prince,test@gmail.com,880,1825731327,0,0,0,0,NULL,08-23-23 10:09,08-23-23 11:15
1,1,Mohammad Prince,test@gmail.com,880,1825731327,0,0,0,0,NULL,08-24-23 10:09,08-24-23 11:15
1,1,Mohammad Prince,test@gmail.com,880,1825731327,0,0,0,0,NULL,08-25-23 10:09,08-25-23 11:15
1,1,Mohammad Prince,test@gmail.com,880,1825731327,0,0,0,0,NULL,08-26-23 10:09,08-26-23 11:15
1,1,Mohammad Prince,test@gmail.com,880,1825731327,0,0,0,0,NULL,08-27-23 10:09,08-27-23 11:15
1,1,Mohammad Prince,test@gmail.com,880,1825731327,0,0,0,0,NULL,08-28-23 10:09,08-28-23 11:15
1,1,Mohammad Prince,test@gmail.com,880,1825731327,0,0,0,0,NULL,08-29-23 10:09,08-29-23 11:15
1,1,Mohammad Prince,test@gmail.com,880,1825731327,0,0,0,0,NULL,08-30-23 10:09,08-30-23 11:15
1,1,Mohammad Prince,test@gmail.com,880,1825731327,0,0,0,0,NULL,08-31-23 10:09,08-31-23 11:15
1,1,Mohammad Prince,test@gmail.com,880,1825731327,0,0,0,0,NULL,09-01-23 10:09,09-01-23 11:15
1,1,Mohammad Prince,test@gmail.com,880,1825731327,0,0,0,0,NULL,09-02-23 10:09,09-02-23 11:15
1,1,Mohammad Prince,test@gmail.com,880,1825731327,0,0,0,0,NULL,09-03-23 10:09,09-03-23 11:15
1,1,Mohammad Prince,test@gmail.com,880,1825731327,0,0,0,0,NULL,09-04-23 10:09,09-04-23 11:15
1,1,Mohammad Prince,test@gmail.com,880,1825731327,0,0,0,0,NULL,09-05-23 10:09,09-05-23 11:15
1,1,Mohammad Prince,test@gmail.com,880,1825731327,0,0,0,0,NULL,09-06-23 10:09,09-06-23 11:15
1,1,Mohammad Prince,test@gmail.com,880,1825731327,0,0,0,0,NULL,09-07-23 10:09,09-07-23 11:15
1,1,Mohammad Prince,test@gmail.com,880,1825731327,0,0,0,0,NULL,09-08-23 10:09,09-08-23 11:15
1,1,Mohammad Prince,test@gmail.com,880,1825731327,0,0,0,0,NULL,09-09-23 10:09,09-09-23 11:15
1,1,Mohammad Prince,test@gmail.com,880,1825731327,0,0,0,0,NULL,09-10-23 10:09,09-10-23 11:15
1,1,Mohammad Prince,test@gmail.com,880,1825731327,0,0,0,0,NULL,09-11-23 10:09,09-11-23 11:15
1,1,Mohammad Prince,test@gmail.com,880,1825731327,0,0,0,0,NULL,09-12-23 10:09,09-12-23 11:15
1,1,Mohammad Prince,test@gmail.com,880,1825731327,0,0,0,0,NULL,09-13-23 10:09,09-13-23 11:15
1,1,Mohammad Prince,test@gmail.com,880,1825731327,0,0,0,0,NULL,09-14-23 10:09,09-14-23 11:15
1,1,Mohammad Prince,test@gmail.com,880,1825731327,0,0,0,0,NULL,09-15-23 10:09,09-15-23 11:15
1,1,Mohammad Prince,test@gmail.com,880,1825731327,0,0,0,0,NULL,09-16-23 10:09,09-16-23 11:15
1,1,Mohammad Prince,test@gmail.com,880,1825731327,0,0,0,0,NULL,09-17-23 10:09,09-17-23 11:15
1,1,Mohammad Prince,test@gmail.com,880,1825731327,0,0,0,0,NULL,09-18-23 10:09,09-18-23 11:15
1,1,Mohammad Prince,test@gmail.com,880,1825731327,0,0,0,0,NULL,09-19-23 10:09,09-19-23 11:15
1,1,Mohammad Prince,test@gmail.com,880,1825731327,0,0,0,0,NULL,09-20-23 10:09,09-20-23 11:15
1,1,Mohammad Prince,test@gmail.com,880,1825731327,0,0,0,0,NULL,09-21-23 10:09,09-21-23 11:15
1,1,Mohammad Prince,test@gmail.com,880,1825731327,0,0,0,0,NULL,09-22-23 10:09,09-22-23 11:15
1,1,Mohammad Prince,test@gmail.com,880,1825731327,0,0,0,0,NULL,09-23-23 10:09,09-23-23 11:15
1,1,Mohammad Prince,test@gmail.com,880,1825731327,0,0,0,0,NULL,09-24-23 10:09,09-24-23 11:15
1,1,Mohammad Prince,test@gmail.com,880,1825731327,0,0,0,0,NULL,09-25-23 10:09,09-25-23 11:15
1,1,Mohammad Prince,test@gmail.com,880,1825731327,0,0,0,0,NULL,09-26-23 10:09,09-26-23 11:15
1,1,Mohammad Prince,test@gmail.com,880,1825731327,0,0,0,0,NULL,09-27-23 10:09,09-27-23 11:15
1,1,Mohammad Prince,test@gmail.com,880,1825731327,0,0,0,0,NULL,09-28-23 10:09,09-28-23 11:15
1,1,Mohammad Prince,test@gmail.com,880,1825731327,0,0,0,0,NULL,09-29-23 10:09,09-29-23 11:15
1,1,Mohammad Prince,test@gmail.com,880,1825731327,0,0,0,0,NULL,09-30-23 10:09,09-30-23 11:15
1,1,Mohammad Prince,test@gmail.com,880,1825731327,0,0,0,0,NULL,10-01-23 10:09,10-01-23 11:15
1,1,Mohammad Prince,test@gmail.com,880,1825731327,0,0,0,0,NULL,10-02-23 10:09,10-02-23 11:15
1,1,Mohammad Prince,test@gmail.com,880,1825731327,0,0,0,0,NULL,10-03-23 10:09,10-03-23 11:15
1,1,Mohammad Prince,test@gmail.com,880,1825731327,0,0,0,0,NULL,10-04-23 10:09,10-04-23 11:15
1,1,Mohammad Prince,test@gmail.com,880,1825731327,0,0,0,0,NULL,10-05-23 10:09,10-05-23 11:15
1,1,Mohammad Prince,test@gmail.com,880,1825731327,0,0,0,0,NULL,10-06-23 10:09,10-06-23 11:15
1,1,Mohammad Prince,test@gmail.com,880,1825731327,0,0,0,0,NULL,10-07-23 10:09,10-07-23 11:15
1,1,Mohammad Prince,test@gmail.com,880,1825731327,0,0,0,0,NULL,10-08-23 10:09,10-08-23 11:15
1,1,Mohammad Prince,test@gmail.com,880,1825731327,0,0,0,0,NULL,10-09-23 10:09,10-09-23 11:15
1,1,Mohammad Prince,test@gmail.com,880,1825731327,0,0,0,0,NULL,10-10-23 10:09,10-10-23 11:15
1,1,Mohammad Prince,test@gmail.com,880,1825731327,0,0,0,0,NULL,10-11-23 10:09,10-11-23 11:15
1,1,Mohammad Prince,test@gmail.com,880,1825731327,0,0,0,0,NULL,10-12-23 10:09,10-12-23 11:15
1,1,Mohammad Prince,test@gmail.com,880,1825731327,0,0,0,0,NULL,10-13-23 10:09,10-13-23 11:15
1,1,Mohammad Prince,test@gmail.com,880,1825731327,0,0,0,0,NULL,10-14-23 10:09,10-14-23 11:15
1,1,Mohammad Prince,test@gmail.com,880,1825731327,0,0,0,0,NULL,10-15-23 10:09,10-15-23 11:15
1,1,Mohammad Prince,test@gmail.com,880,1825731327,0,0,0,0,NULL,10-16-23 10:09,10-16-23 11:15
1,1,Mohammad Prince,test@gmail.com,880,1825731327,0,0,0,0,NULL,10-17-23 10:09,10-17-23 11:15
1,1,Mohammad Prince,test@gmail.com,880,1825731327,0,0,0,0,NULL,10-18-23 10:09,10-18-23 11:15
1,1,Mohammad Prince,test@gmail.com,880,1825731327,0,0,0,0,NULL,10-19-23 10:09,10-19-23 11:15
1,1,Mohammad Prince,test@gmail.com,880,1825731327,0,0,0,0,NULL,10-20-23 10:09,10-20-23 11:15
1,1,Mohammad Prince,test@gmail.com,880,1825731327,0,0,0,0,NULL,10-21-23 10:09,10-21-23 11:15
1,1,Mohammad Prince,test@gmail.com,880,1825731327,0,0,0,0,NULL,10-22-23 10:09,10-22-23 11:15
1,1,Mohammad Prince,test@gmail.com,880,1825731327,0,0,0,0,NULL,10-23-23 10:09,10-23-23 11:15
1,1,Mohammad Prince,test@gmail.com,880,1825731327,0,0,0,0,NULL,10-24-23 10:09,10-24-23 11:15
1,1,Mohammad Prince,test@gmail.com,880,1825731327,0,0,0,0,NULL,10-25-23 10:09,10-25-23 11:15
1,1,Mohammad Prince,test@gmail.com,880,1825731327,0,0,0,0,NULL,10-26-23 10:09,10-26-23 11:15
1,1,Mohammad Prince,test@gmail.com,880,1825731327,0,0,0,0,NULL,10-27-23 10:09,10-27-23 11:15
1,1,Mohammad Prince,test@gmail.com,880,1825731327,0,0,0,0,NULL,10-28-23 10:09,10-28-23 11:15
1,1,Mohammad Prince,test@gmail.com,880,1825731327,0,0,0,0,NULL,10-29-23 10:09,10-29-23 11:15
1,1,Mohammad Prince,test@gmail.com,880,1825731327,0,0,0,0,NULL,10-30-23 10:09,10-30-23 11:15
1,1,Mohammad Prince,test@gmail.com,880,1825731327,0,0,0,0,NULL,10-31-23 10:09,10-31-23 11:15
1,1,Mohammad Prince,test@gmail.com,880,1825731327,0,0,0,0,NULL,11-01-23 10:09,11-01-23 11:15
1,1,Mohammad Prince,test@gmail.com,880,1825731327,0,0,0,0,NULL,11-02-23 10:09,11-02-23 11:15
1,1,Mohammad Prince,test@gmail.com,880,1825731327,0,0,0,0,NULL,11-03-23 10:09,11-03-23 11:15
1,1,Mohammad Prince,test@gmail.com,880,1825731327,0,0,0,0,NULL,11-04-23 10:09,11-04-23 11:15
1,1,Mohammad Prince,test@gmail.com,880,1825731327,0,0,0,0,NULL,11-05-23 10:09,11-05-23 11:15
1,1,Mohammad Prince,test@gmail.com,880,1825731327,0,0,0,0,NULL,11-06-23 10:09,11-06-23 11:15
1,1,Mohammad Prince,test@gmail.com,880,1825731327,0,0,0,0,NULL,11-07-23 10:09,11-07-23 11:15
1,1,Mohammad Prince,test@gmail.com,880,1825731327,0,0,0,0,NULL,11-08-23 10:09,11-08-23 11:15
1,1,Mohammad Prince,test@gmail.com,880,1825731327,0,0,0,0,NULL,11-09-23 10:09,11-09-23 11:15
1,1,Mohammad Prince,test@gmail.com,880,1825731327,0,0,0,0,NULL,11-10-23 10:09,11-10-23 11:15
1,1,Mohammad Prince,test@gmail.com,880,1825731327,0,0,0,0,NULL,11-11-23 10:09,11-11-23 11:15
1,1,Mohammad Prince,test@gmail.com,880,1825731327,0,0,0,0,NULL,11-12-23 10:09,11-12-23 11:15
1,1,Mohammad Prince,test@gmail.com,880,1825731327,0,0,0,0,NULL,11-13-23 10:09,11-13-23 11:15
1,1,Mohammad Prince,test@gmail.com,880,1825731327,0,0,0,0,NULL,11-14-23 10:09,11-14-23 11:15
1,1,Mohammad Prince,test@gmail.com,880,1825731327,0,0,0,0,NULL,11-15-23 10:09,11-15-23 11:15
1,1,Mohammad Prince,test@gmail.com,880,1825731327,0,0,0,0,NULL,11-16-23 10:09,11-16-23 11:15
1,1,Mohammad Prince,test@gmail.com,880,1825731327,0,0,0,0,NULL,11-17-23 10:09,11-17-23 11:15
1,1,Mohammad Prince,test@gmail.com,880,1825731327,0,0,0,0,NULL,11-18-23 10:09,11-18-23 11:15
1,1,Mohammad Prince,test@gmail.com,880,1825731327,0,0,0,0,NULL,11-19-23 10:09,11-19-23 11:15
1,1,Mohammad Prince,test@gmail.com,880,1825731327,0,0,0,0,NULL,11-20-23 10:09,11-20-23 11:15
1,1,Mohammad Prince,test@gmail.com,880,1825731327,0,0,0,0,NULL,11-21-23 10:09,11-21-23 11:15
1,1,Mohammad Prince,test@gmail.com,880,1825731327,0,0,0,0,NULL,11-22-23 10:09,11-22-23 11:15
1,1,Mohammad Prince,test@gmail.com,880,1825731327,0,0,0,0,NULL,11-23-23 10:09,11-23-23 11:15
1,1,Mohammad Prince,test@gmail.com,880,1825731327,0,0,0,0,NULL,11-24-23 10:09,11-24-23 11:15
1,1,Mohammad Prince,test@gmail.com,880,1825731327,0,0,0,0,NULL,11-25-23 10:09,11-25-23 11:15
1,1,Mohammad Prince,test@gmail.com,880,1825731327,0,0,0,0,NULL,11-26-23 10:09,11-26-23 11:15