id,name,email,country,created_at,updated_at
1,John Doe,doe@mail.com,usa,2022-05-10 16:05:42,2022-05-10 16:05:42
2,John Doe,doe@mail.com,usa,2022-05-10 16:05:42,2022-05-10 16:05:42
3,John Doe,doe@mail.com,usa,2022-05-10 16:05:42,2022-05-10 16:05:42
4,John Doe,doe@mail.com,usa,2022-05-10 16:05:42,2022-05-10 16:05:42
5,John Doe,doe@mail.com,usa,2022-05-10 16:05:42,2022-05-10 16:05:42
6,John Doe,doe@mail.com,usa,2022-05-10 16:05:42,2022-05-10 16:05:42
7,John Doe,doe@mail.com,usa,2022-05-10 16:05:42,2022-05-10 16:05:42
8,John Doe,doe@mail.com,usa,2022-05-10 16:05:42,2022-05-10 16:05:42
9,John Doe,doe@mail.com,usa,2022-05-10 16:05:42,2022-05-10 16:05:42
10,John Doe,doe@mail.com,usa,2022-05-10 16:05:42,2022-05-10 16:05:42
11,John Doe,doe@mail.com,usa,2022-05-10 16:05:42,2022-05-10 16:05:42
12,John Doe,doe@mail.com,usa,2022-05-10 16:05:42,2022-05-10 16:05:42
13,John Doe,doe@mail.com,usa,2022-05-10 16:05:42,2022-05-10 16:05:42
14,John Doe,doe@mail.com,usa,2022-05-10 16:05:42,2022-05-10 16:05:42
15,John Doe,doe@mail.com,usa,2022-05-10 16:05:42,2022-05-10 16:05:42
16,John Doe,doe@mail.com,usa,2022-05-10 16:05:42,2022-05-10 16:05:42
17,John Doe,doe@mail.com,usa,2022-05-10 16:05:42,2022-05-10 16:05:42
18,John Doe,doe@mail.com,usa,2022-05-10 16:05:42,2022-05-10 16:05:42
19,John Doe,doe@mail.com,usa,2022-05-10 16:05:42,2022-05-10 16:05:42
20,John Doe,doe@mail.com,usa,2022-05-10 16:05:42,2022-05-10 16:05:42
21,John Doe,doe@mail.com,usa,2022-05-10 16:05:42,2022-05-10 16:05:42
22,John Doe,doe@mail.com,usa,2022-05-10 16:05:42,2022-05-10 16:05:42
23,John Doe,doe@mail.com,usa,2022-05-10 16:05:42,2022-05-10 16:05:42
24,John Doe,doe@mail.com,usa,2022-05-10 16:05:42,2022-05-10 16:05:42
25,John Doe,doe@mail.com,usa,2022-05-10 16:05:42,2022-05-10 16:05:42
26,John Doe,doe@mail.com,usa,2022-05-10 16:05:42,2022-05-10 16:05:42
27,John Doe,doe@mail.com,usa,2022-05-10 16:05:42,2022-05-10 16:05:42
28,John Doe,doe@mail.com,usa,2022-05-10 16:05:42,2022-05-10 16:05:42
29,John Doe,doe@mail.com,usa,2022-05-10 16:05:42,2022-05-10 16:05:42
30,John Doe,doe@mail.com,usa,2022-05-10 16:05:42,2022-05-10 16:05:42
31,John Doe,doe@mail.com,usa,2022-05-10 16:05:42,2022-05-10 16:05:42
32,John Doe,doe@mail.com,usa,2022-05-10 16:05:42,2022-05-10 16:05:42
33,John Doe,doe@mail.com,usa,2022-05-10 16:05:42,2022-05-10 16:05:42
34,John Doe,doe@mail.com,usa,2022-05-10 16:05:42,2022-05-10 16:05:42
35,John Doe,doe@mail.com,usa,2022-05-10 16:05:42,2022-05-10 16:05:42
36,John Doe,doe@mail.com,usa,2022-05-10 16:05:42,2022-05-10 16:05:42
37,John Doe,doe@mail.com,usa,2022-05-10 16:05:42,2022-05-10 16:05:42
38,John Doe,doe@mail.com,usa,2022-05-10 16:05:42,2022-05-10 16:05:42
39,John Doe,doe@mail.com,usa,2022-05-10 16:05:42,2022-05-10 16:05:42
40,John Doe,doe@mail.com,usa,2022-05-10 16:05:42,2022-05-10 16:05:42
41,John Doe,doe@mail.com,usa,2022-05-10 16:05:42,2022-05-10 16:05:42
42,John Doe,doe@mail.com,usa,2022-05-10 16:05:42,2022-05-10 16:05:42
43,John Doe,doe@mail.com,usa,2022-05-10 16:05:42,2022-05-10 16:05:42
44,John Doe,doe@mail.com,usa,2022-05-10 16:05:42,2022-05-10 16:05:42
45,John Doe,doe@mail.com,usa,2022-05-10 16:05:42,2022-05-10 16:05:42
46,John Doe,doe@mail.com,usa,2022-05-10 16:05:42,2022-05-10 16:05:42
47,John Doe,doe@mail.com,usa,2022-05-10 16:05:42,2022-05-10 16:05:42
48,John Doe,doe@mail.com,usa,2022-05-10 16:05:42,2022-05-10 16:05:42
49,John Doe,doe@mail.com,usa,2022-05-10 16:05:42,2022-05-10 16:05:42
50,John Doe,doe@mail.com,usa,2022-05-10 16:05:42,2022-05-10 16:05:42
51,John Doe,doe@mail.com,usa,2022-05-10 16:05:42,2022-05-10 16:05:42
52,John Doe,doe@mail.com,usa,2022-05-10 16:05:42,2022-05-10 16:05:42
53,John Doe,doe@mail.com,usa,2022-05-10 16:05:42,2022-05-10 16:05:42
54,John Doe,doe@mail.com,usa,2022-05-10 16:05:42,2022-05-10 16:05:42
55,John Doe,doe@mail.com,usa,2022-05-10 16:05:42,2022-05-10 16:05:42
56,John Doe,doe@mail.com,usa,2022-05-10 16:05:42,2022-05-10 16:05:42
57,John Doe,doe@mail.com,usa,2022-05-10 16:05:42,2022-05-10 16:05:42
58,John Doe,doe@mail.com,usa,2022-05-10 16:05:42,2022-05-10 16:05:42
59,John Doe,doe@mail.com,usa,2022-05-10 16:05:42,2022-05-10 16:05:42
60,John Doe,doe@mail.com,usa,2022-05-10 16:05:42,2022-05-10 16:05:42
61,John Doe,doe@mail.com,usa,2022-05-10 16:05:42,2022-05-10 16:05:42
62,John Doe,doe@mail.com,usa,2022-05-10 16:05:42,2022-05-10 16:05:42
63,John Doe,doe@mail.com,usa,2022-05-10 16:05:42,2022-05-10 16:05:42
64,John Doe,doe@mail.com,usa,2022-05-10 16:05:42,2022-05-10 16:05:42
65,John Doe,doe@mail.com,usa,2022-05-10 16:05:42,2022-05-10 16:05:42
66,John Doe,doe@mail.com,usa,2022-05-10 16:05:42,2022-05-10 16:05:42
67,John Doe,doe@mail.com,usa,2022-05-10 16:05:42,2022-05-10 16:05:42
68,John Doe,doe@mail.com,usa,2022-05-10 16:05:42,2022-05-10 16:05:42
69,John Doe,doe@mail.com,usa,2022-05-10 16:05:42,2022-05-10 16:05:42
70,John Doe,doe@mail.com,usa,2022-05-10 16:05:42,2022-05-10 16:05:42
71,John Doe,doe@mail.com,usa,2022-05-10 16:05:42,2022-05-10 16:05:42
72,John Doe,doe@mail.com,usa,2022-05-10 16:05:42,2022-05-10 16:05:42
73,John Doe,doe@mail.com,usa,2022-05-10 16:05:42,2022-05-10 16:05:42
74,John Doe,doe@mail.com,usa,2022-05-10 16:05:42,2022-05-10 16:05:42
75,John Doe,doe@mail.com,usa,2022-05-10 16:05:42,2022-05-10 16:05:42
76,John Doe,doe@mail.com,usa,2022-05-10 16:05:42,2022-05-10 16:05:42
77,John Doe,doe@mail.com,usa,2022-05-10 16:05:42,2022-05-10 16:05:42
78,John Doe,doe@mail.com,usa,2022-05-10 16:05:42,2022-05-10 16:05:42
79,John Doe,doe@mail.com,usa,2022-05-10 16:05:42,2022-05-10 16:05:42
80,John Doe,doe@mail.com,usa,2022-05-10 16:05:42,2022-05-10 16:05:42
81,John Doe,doe@mail.com,usa,2022-05-10 16:05:42,2022-05-10 16:05:42
82,John Doe,doe@mail.com,usa,2022-05-10 16:05:42,2022-05-10 16:05:42
83,John Doe,doe@mail.com,usa,2022-05-10 16:05:42,2022-05-10 16:05:42
84,John Doe,doe@mail.com,usa,2022-05-10 16:05:42,2022-05-10 16:05:42
85,John Doe,doe@mail.com,usa,2022-05-10 16:05:42,2022-05-10 16:05:42
86,John Doe,doe@mail.com,usa,2022-05-10 16:05:42,2022-05-10 16:05:42
87,John Doe,doe@mail.com,usa,2022-05-10 16:05:42,2022-05-10 16:05:42
88,John Doe,doe@mail.com,usa,2022-05-10 16:05:42,2022-05-10 16:05:42
89,John Doe,doe@mail.com,usa,2022-05-10 16:05:42,2022-05-10 16:05:42
90,John Doe,doe@mail.com,usa,2022-05-10 16:05:42,2022-05-10 16:05:42
91,John Doe,doe@mail.com,usa,2022-05-10 16:05:42,2022-05-10 16:05:42
92,John Doe,doe@mail.com,usa,2022-05-10 16:05:42,2022-05-10 16:05:42
93,John Doe,doe@mail.com,usa,2022-05-10 16:05:42,2022-05-10 16:05:42
94,John Doe,doe@mail.com,usa,2022-05-10 16:05:42,2022-05-10 16:05:42
95,John Doe,doe@mail.com,usa,2022-05-10 16:05:42,2022-05-10 16:05:42
96,John Doe,doe@mail.com,usa,2022-05-10 16:05:42,2022-05-10 16:05:42
97,John Doe,doe@mail.com,usa,2022-05-10 16:05:42,2022-05-10 16:05:42
98,John Doe,doe@mail.com,usa,2022-05-10 16:05:42,2022-05-10 16:05:42
99,John Doe,doe@mail.com,usa,2022-05-10 16:05:42,2022-05-10 16:05:42
100,John Doe,doe@mail.com,usa,2022-05-10 16:05:42,2022-05-10 16:05:42